{"type":"FeatureCollection","name":"cognac-crus","crs":{"type":"name","properties":{"name":"urn:ogc:def:crs:OGC:1.3:CRS84"}},"features":[{"type":"Feature","properties":{"cru":"Grande Champagne","kleur":"rgb(230, 73, 41)"},"geometry":{"type":"Polygon","coordinates":[[[-0.26105,45.54188],[-0.27032,45.54949],[-0.27166,45.55343],[-0.2751,45.55312],[-0.28179,45.55774],[-0.28401,45.55737],[-0.29592,45.56449],[-0.30066,45.56495],[-0.30562,45.57248],[-0.31454,45.57929],[-0.31798,45.57894],[-0.32436,45.5809],[-0.32437,45.58252],[-0.33015,45.58544],[-0.33147,45.58752],[-0.34087,45.58666],[-0.34081,45.58982],[-0.34407,45.592],[-0.34464,45.59442],[-0.3606,45.59785],[-0.36519,45.60459],[-0.3771,45.60929],[-0.37889,45.61704],[-0.38116,45.62009],[-0.38017,45.62214],[-0.38479,45.6249],[-0.38697,45.62481],[-0.38737,45.62668],[-0.38453,45.63509],[-0.37762,45.63953],[-0.37718,45.64228],[-0.37306,45.6486],[-0.37996,45.65171],[-0.3813,45.65537],[-0.38238,45.65544],[-0.38253,45.6598],[-0.41054,45.68338],[-0.40791,45.68475],[-0.40176,45.68363],[-0.39656,45.68507],[-0.38581,45.67938],[-0.37911,45.68009],[-0.37475,45.67884],[-0.37131,45.68222],[-0.37036,45.68498],[-0.36195,45.68888],[-0.35947,45.69595],[-0.35477,45.7025],[-0.3475,45.70619],[-0.34761,45.70839],[-0.34978,45.71068],[-0.34647,45.71126],[-0.34555,45.71601],[-0.33853,45.71721],[-0.31875,45.71731],[-0.31562,45.71492],[-0.31785,45.71455],[-0.31779,45.71203],[-0.31368,45.71073],[-0.30524,45.70364],[-0.30401,45.70083],[-0.29836,45.69543],[-0.29566,45.69671],[-0.28459,45.69642],[-0.28184,45.69785],[-0.28156,45.70019],[-0.27531,45.70106],[-0.27314,45.70263],[-0.27223,45.70535],[-0.26955,45.70412],[-0.2634,45.70698],[-0.26141,45.70588],[-0.26407,45.70392],[-0.26285,45.70247],[-0.25085,45.70261],[-0.24089,45.69704],[-0.24179,45.69571],[-0.24514,45.69577],[-0.24922,45.69396],[-0.2523,45.69124],[-0.24388,45.68554],[-0.23641,45.68225],[-0.23328,45.68128],[-0.22855,45.68175],[-0.22733,45.68304],[-0.22084,45.679],[-0.20734,45.67845],[-0.20776,45.6765],[-0.2037,45.67606],[-0.18983,45.67764],[-0.18944,45.67593],[-0.19167,45.67143],[-0.1938,45.67156],[-0.19472,45.66798],[-0.20061,45.662],[-0.20253,45.6579],[-0.20522,45.6564],[-0.20552,45.65302],[-0.21109,45.64569],[-0.16985,45.63505],[-0.16682,45.63751],[-0.16269,45.63818],[-0.16317,45.64461],[-0.17001,45.65521],[-0.17237,45.65651],[-0.17233,45.65836],[-0.16976,45.66116],[-0.17057,45.66344],[-0.17392,45.66516],[-0.17352,45.6663],[-0.18052,45.66911],[-0.17458,45.6782],[-0.17156,45.67538],[-0.16703,45.67454],[-0.16795,45.67367],[-0.16232,45.67249],[-0.15998,45.67339],[-0.15222,45.67217],[-0.14484,45.67364],[-0.13903,45.67714],[-0.12757,45.6765],[-0.12077,45.66944],[-0.12029,45.66738],[-0.12354,45.66232],[-0.12303,45.65972],[-0.11971,45.657],[-0.12198,45.65326],[-0.11763,45.65079],[-0.12198,45.64467],[-0.12455,45.63754],[-0.11731,45.63631],[-0.11819,45.63174],[-0.12095,45.63169],[-0.12021,45.63075],[-0.12195,45.6295],[-0.1223,45.62263],[-0.11112,45.61556],[-0.10894,45.61263],[-0.10909,45.61025],[-0.10666,45.61021],[-0.10037,45.60585],[-0.09615,45.60459],[-0.10631,45.60234],[-0.08896,45.58754],[-0.07884,45.58947],[-0.07463,45.58899],[-0.0758,45.58356],[-0.07313,45.58119],[-0.074,45.57618],[-0.07289,45.57548],[-0.07234,45.56883],[-0.0901,45.56782],[-0.08249,45.55948],[-0.08042,45.55448],[-0.07451,45.55106],[-0.07055,45.54385],[-0.05606,45.54218],[-0.06733,45.53015],[-0.07259,45.53084],[-0.07851,45.52253],[-0.07683,45.52207],[-0.08055,45.51785],[-0.08611,45.52056],[-0.09267,45.52132],[-0.09322,45.52365],[-0.09557,45.52454],[-0.10243,45.52218],[-0.10641,45.52215],[-0.10842,45.51994],[-0.11337,45.51902],[-0.12631,45.51905],[-0.12733,45.51773],[-0.13175,45.51889],[-0.14064,45.51753],[-0.15365,45.51795],[-0.16437,45.51578],[-0.17593,45.5179],[-0.17789,45.51714],[-0.18062,45.51802],[-0.18181,45.52025],[-0.18529,45.52233],[-0.20114,45.5203],[-0.20593,45.52416],[-0.21375,45.52573],[-0.21806,45.52478],[-0.23228,45.53035],[-0.24013,45.53134],[-0.2525,45.53565],[-0.26105,45.54188]],[[-0.22866,45.57083],[-0.22821,45.56533],[-0.22992,45.56362],[-0.24265,45.56342],[-0.23986,45.55822],[-0.24117,45.55341],[-0.23523,45.5513],[-0.23159,45.54445],[-0.22939,45.54423],[-0.22134,45.54734],[-0.21743,45.55139],[-0.20813,45.55386],[-0.20843,45.55497],[-0.20414,45.56052],[-0.20845,45.56348],[-0.21164,45.56318],[-0.21561,45.56723],[-0.22478,45.57291],[-0.22828,45.57228],[-0.22866,45.57083]]]}},{"type":"Feature","properties":{"cru":"Petite Champagne","kleur":"rgb(237, 120, 55)"},"geometry":{"type":"Polygon","coordinates":[[[-0.42039,45.42366],[-0.42288,45.4246],[-0.42516,45.42276],[-0.43108,45.42786],[-0.43415,45.4241],[-0.44777,45.42682],[-0.4474,45.432],[-0.45265,45.43549],[-0.46332,45.43248],[-0.46658,45.42967],[-0.47377,45.42797],[-0.48319,45.43298],[-0.4827,45.43456],[-0.48419,45.43563],[-0.4827,45.43719],[-0.48275,45.44159],[-0.47614,45.44384],[-0.47981,45.44701],[-0.48054,45.44953],[-0.47402,45.45146],[-0.47204,45.4553],[-0.47638,45.45523],[-0.47573,45.45812],[-0.47463,45.45943],[-0.46587,45.45947],[-0.46093,45.46446],[-0.4659,45.46762],[-0.47178,45.47429],[-0.4645,45.47535],[-0.4635,45.48338],[-0.46634,45.48638],[-0.46419,45.4881],[-0.46477,45.492],[-0.46278,45.49569],[-0.45269,45.5],[-0.45572,45.5078],[-0.45387,45.50821],[-0.45207,45.51185],[-0.44157,45.51306],[-0.4375,45.51861],[-0.43627,45.52358],[-0.48168,45.54013],[-0.48177,45.54177],[-0.48537,45.54464],[-0.48338,45.54829],[-0.48002,45.54765],[-0.4799,45.55143],[-0.47747,45.55672],[-0.48756,45.55984],[-0.48937,45.56146],[-0.50432,45.56288],[-0.50779,45.56572],[-0.50747,45.56955],[-0.50956,45.57009],[-0.51515,45.57547],[-0.52001,45.57392],[-0.51884,45.58483],[-0.51964,45.5868],[-0.52485,45.59076],[-0.53346,45.59347],[-0.53574,45.59548],[-0.53733,45.59965],[-0.53624,45.60304],[-0.53215,45.60826],[-0.53155,45.60985],[-0.5335,45.61138],[-0.53131,45.61579],[-0.52934,45.61691],[-0.52958,45.61865],[-0.53447,45.62396],[-0.53281,45.62653],[-0.53826,45.63146],[-0.53728,45.63145],[-0.5362,45.63465],[-0.53678,45.64167],[-0.53978,45.64223],[-0.54342,45.65353],[-0.54771,45.65443],[-0.547,45.65835],[-0.54806,45.66196],[-0.55247,45.66751],[-0.5453,45.67279],[-0.54486,45.67527],[-0.53977,45.68234],[-0.54058,45.68434],[-0.53833,45.68801],[-0.53446,45.68914],[-0.53317,45.69142],[-0.53284,45.69873],[-0.53429,45.7017],[-0.53834,45.70434],[-0.54623,45.70657],[-0.54032,45.70762],[-0.53096,45.70579],[-0.52659,45.70702],[-0.52072,45.70637],[-0.51509,45.70439],[-0.51421,45.70347],[-0.51534,45.70182],[-0.51342,45.69962],[-0.50475,45.70087],[-0.49576,45.69836],[-0.49557,45.69458],[-0.49313,45.69338],[-0.4867,45.69719],[-0.47578,45.68963],[-0.46536,45.68791],[-0.46388,45.6866],[-0.46426,45.68412],[-0.46894,45.68269],[-0.46468,45.67848],[-0.46098,45.67893],[-0.454,45.68311],[-0.44001,45.68189],[-0.43543,45.68528],[-0.43216,45.68298],[-0.4282,45.68348],[-0.42556,45.68566],[-0.42292,45.68559],[-0.41926,45.68293],[-0.41281,45.68242],[-0.41054,45.68338],[-0.38253,45.6598],[-0.38238,45.65544],[-0.3813,45.65537],[-0.37996,45.65171],[-0.37306,45.6486],[-0.37718,45.64228],[-0.37762,45.63953],[-0.38453,45.63509],[-0.38737,45.62668],[-0.38697,45.62481],[-0.38479,45.6249],[-0.38017,45.62214],[-0.38116,45.62009],[-0.37889,45.61704],[-0.3771,45.60929],[-0.36519,45.60459],[-0.3606,45.59785],[-0.34464,45.59442],[-0.34407,45.592],[-0.34081,45.58982],[-0.34087,45.58666],[-0.33147,45.58752],[-0.33015,45.58544],[-0.32437,45.58252],[-0.32436,45.5809],[-0.31798,45.57894],[-0.31454,45.57929],[-0.30562,45.57248],[-0.30066,45.56495],[-0.29592,45.56449],[-0.28401,45.55737],[-0.28179,45.55774],[-0.2751,45.55312],[-0.27166,45.55343],[-0.27032,45.54949],[-0.26415,45.54505],[-0.26453,45.54373],[-0.2525,45.53565],[-0.24013,45.53134],[-0.23228,45.53035],[-0.21806,45.52478],[-0.21375,45.52573],[-0.20593,45.52416],[-0.20114,45.5203],[-0.18529,45.52233],[-0.18181,45.52025],[-0.18062,45.51802],[-0.17789,45.51714],[-0.17593,45.5179],[-0.16437,45.51578],[-0.15365,45.51795],[-0.14064,45.51753],[-0.13175,45.51889],[-0.12733,45.51773],[-0.12631,45.51905],[-0.11337,45.51902],[-0.10842,45.51994],[-0.10641,45.52215],[-0.10243,45.52218],[-0.09557,45.52454],[-0.09322,45.52365],[-0.09267,45.52132],[-0.08611,45.52056],[-0.08055,45.51785],[-0.07683,45.52207],[-0.07851,45.52253],[-0.07259,45.53084],[-0.06733,45.53015],[-0.05606,45.54218],[-0.07055,45.54385],[-0.07451,45.55106],[-0.08042,45.55448],[-0.08249,45.55948],[-0.0901,45.56782],[-0.07234,45.56883],[-0.07289,45.57548],[-0.074,45.57618],[-0.07313,45.58119],[-0.0758,45.58356],[-0.07463,45.58899],[-0.07884,45.58947],[-0.08896,45.58754],[-0.10631,45.60234],[-0.09615,45.60459],[-0.10037,45.60585],[-0.10666,45.61021],[-0.10909,45.61025],[-0.10894,45.61263],[-0.11112,45.61556],[-0.1223,45.62263],[-0.12195,45.6295],[-0.12021,45.63075],[-0.12095,45.63169],[-0.11819,45.63174],[-0.1175,45.63333],[-0.11731,45.63631],[-0.12455,45.63754],[-0.12198,45.64467],[-0.11763,45.65079],[-0.12198,45.65326],[-0.11971,45.657],[-0.11126,45.6562],[-0.10838,45.65482],[-0.10767,45.65186],[-0.102,45.65127],[-0.10057,45.64963],[-0.09445,45.65179],[-0.0854,45.65046],[-0.08527,45.64879],[-0.08725,45.64718],[-0.07691,45.64561],[-0.07225,45.64314],[-0.07021,45.64035],[-0.06882,45.64105],[-0.06767,45.63954],[-0.06763,45.6359],[-0.06543,45.63383],[-0.06255,45.63403],[-0.06205,45.63566],[-0.05822,45.6334],[-0.05876,45.63074],[-0.05259,45.62461],[-0.05632,45.62053],[-0.05208,45.61886],[-0.04825,45.61494],[-0.04092,45.62036],[-0.03331,45.61809],[-0.03436,45.61708],[-0.03085,45.6158],[-0.02976,45.61753],[-0.02586,45.61923],[-0.02606,45.62234],[-0.02291,45.62376],[-0.02467,45.62588],[-0.01548,45.62998],[-0.00889,45.63017],[-0.00349,45.6286],[0.00262,45.62047],[0.00222,45.61172],[0.0033,45.609],[0.00163,45.60771],[0.00216,45.6056],[-0.0107,45.6007],[-0.01155,45.5978],[-0.00991,45.59257],[-0.01102,45.59147],[-0.00558,45.58718],[-0.0054,45.58574],[-0.01121,45.5808],[-0.02218,45.57503],[-0.02931,45.56066],[-0.02899,45.55904],[-0.02103,45.55553],[-0.01358,45.55379],[-0.00788,45.55081],[-0.00221,45.55011],[0.00032,45.54311],[-0.0031,45.53925],[-0.01724,45.53729],[-0.01673,45.53451],[-0.01765,45.53358],[-0.02867,45.53219],[-0.03311,45.52678],[-0.03291,45.52044],[-0.03062,45.51797],[-0.03059,45.51577],[-0.03507,45.51576],[-0.0347,45.5132],[-0.02991,45.51313],[-0.02403,45.50627],[-0.02218,45.50613],[-0.01814,45.50919],[-0.01904,45.51056],[-0.01437,45.51215],[0.0033,45.51374],[-0.00071,45.52364],[0.00025,45.52533],[0.00343,45.52566],[0.01164,45.53277],[0.01496,45.53774],[0.01529,45.54044],[0.01703,45.54174],[0.02082,45.53989],[0.02057,45.53673],[0.0262,45.53545],[0.03548,45.53704],[0.03768,45.53637],[0.03584,45.53295],[0.03625,45.53071],[0.04037,45.53048],[0.03707,45.52816],[0.0322,45.52036],[0.02752,45.51604],[0.02765,45.51127],[0.02469,45.50869],[0.02363,45.50498],[0.02458,45.50378],[0.02357,45.49561],[0.02004,45.49293],[0.01887,45.49039],[0.02001,45.48919],[0.01803,45.48443],[0.02026,45.47993],[0.02875,45.47449],[0.028,45.47244],[0.02389,45.46988],[0.01918,45.46928],[0.01713,45.47078],[0.01451,45.47072],[0.00473,45.46606],[-0.00419,45.4666],[-0.01173,45.46518],[-0.01606,45.46612],[-0.01719,45.46411],[-0.01641,45.46238],[-0.02907,45.46072],[-0.02959,45.458],[-0.0358,45.45661],[-0.03826,45.45462],[-0.03875,45.45079],[-0.04047,45.45075],[-0.04086,45.46573],[-0.04245,45.46867],[-0.04242,45.47384],[-0.04673,45.48041],[-0.04724,45.48468],[-0.05058,45.48812],[-0.05516,45.49035],[-0.06455,45.48854],[-0.06744,45.48717],[-0.0655,45.48555],[-0.06491,45.48232],[-0.06669,45.48183],[-0.06642,45.48012],[-0.06503,45.47916],[-0.06458,45.47611],[-0.06233,45.47432],[-0.06353,45.47263],[-0.06321,45.46948],[-0.06098,45.46814],[-0.05961,45.46466],[-0.06099,45.46242],[-0.05999,45.46015],[-0.07376,45.459],[-0.08457,45.4534],[-0.08093,45.44313],[-0.08814,45.44302],[-0.08846,45.44581],[-0.09007,45.44744],[-0.09489,45.44976],[-0.10806,45.45105],[-0.10932,45.44769],[-0.10766,45.44633],[-0.10753,45.44336],[-0.10556,45.44084],[-0.10763,45.43697],[-0.10878,45.43686],[-0.11213,45.42717],[-0.12334,45.43217],[-0.12639,45.4321],[-0.13158,45.43374],[-0.13242,45.43504],[-0.13542,45.43516],[-0.13367,45.43897],[-0.14159,45.44595],[-0.14189,45.45124],[-0.14595,45.45179],[-0.14567,45.45562],[-0.14917,45.45657],[-0.1583,45.45646],[-0.15863,45.45385],[-0.1613,45.45356],[-0.16312,45.44695],[-0.1684,45.44652],[-0.1704,45.44373],[-0.17672,45.44503],[-0.17891,45.43831],[-0.17884,45.43422],[-0.18878,45.43346],[-0.19298,45.43147],[-0.19949,45.43303],[-0.20002,45.43194],[-0.20958,45.43119],[-0.20808,45.42789],[-0.20877,45.42607],[-0.21483,45.4217],[-0.21686,45.42148],[-0.21648,45.4173],[-0.2146,45.41401],[-0.22153,45.41304],[-0.22733,45.41012],[-0.22782,45.40844],[-0.23406,45.4092],[-0.23488,45.41188],[-0.23284,45.41463],[-0.23283,45.41951],[-0.24309,45.41781],[-0.25358,45.41802],[-0.25443,45.42115],[-0.251,45.42582],[-0.25172,45.42891],[-0.25473,45.43046],[-0.24722,45.43387],[-0.24717,45.43536],[-0.2481,45.43776],[-0.25312,45.43842],[-0.25437,45.44046],[-0.26135,45.44052],[-0.26197,45.43386],[-0.26682,45.43497],[-0.27021,45.43384],[-0.27204,45.43099],[-0.27439,45.43136],[-0.27788,45.43499],[-0.28297,45.43578],[-0.28628,45.43848],[-0.29046,45.43915],[-0.29606,45.43782],[-0.29459,45.4352],[-0.30177,45.43575],[-0.30333,45.42932],[-0.30679,45.42438],[-0.31258,45.41974],[-0.31606,45.40822],[-0.31954,45.41048],[-0.32456,45.41117],[-0.32607,45.41055],[-0.32818,45.40658],[-0.33336,45.40677],[-0.3413,45.41104],[-0.34979,45.40809],[-0.35116,45.41157],[-0.36463,45.40603],[-0.36656,45.40769],[-0.36877,45.40538],[-0.37087,45.4084],[-0.37339,45.4086],[-0.3753,45.41061],[-0.37323,45.41182],[-0.37438,45.41494],[-0.37934,45.41656],[-0.38365,45.42],[-0.3897,45.42108],[-0.39215,45.42036],[-0.39589,45.42461],[-0.40036,45.42474],[-0.40483,45.42682],[-0.40603,45.42951],[-0.40962,45.42914],[-0.41272,45.4261],[-0.41495,45.42632],[-0.42039,45.42366]]]}},{"type":"Feature","properties":{"cru":"Borderies","kleur":"rgb(249, 171, 22)"},"geometry":{"type":"MultiPolygon","coordinates":[[[[-0.41926,45.68293],[-0.42292,45.68559],[-0.43216,45.68298],[-0.43543,45.68528],[-0.44001,45.68189],[-0.454,45.68311],[-0.46098,45.67893],[-0.46468,45.67848],[-0.46894,45.68269],[-0.46426,45.68412],[-0.46388,45.6866],[-0.46536,45.68791],[-0.47578,45.68963],[-0.47926,45.69206],[-0.47599,45.69372],[-0.47356,45.70014],[-0.47035,45.7026],[-0.47593,45.70502],[-0.47555,45.71012],[-0.47195,45.71282],[-0.47727,45.71494],[-0.47514,45.71855],[-0.48012,45.72153],[-0.48238,45.71557],[-0.48877,45.71609],[-0.49419,45.71876],[-0.49455,45.72175],[-0.49332,45.72433],[-0.49038,45.72887],[-0.48778,45.73042],[-0.4826,45.72899],[-0.46566,45.73206],[-0.46875,45.7339],[-0.46723,45.73888],[-0.37688,45.74433],[-0.37396,45.74773],[-0.37782,45.75421],[-0.37632,45.75636],[-0.36601,45.76264],[-0.36573,45.76472],[-0.36137,45.76888],[-0.35955,45.76843],[-0.35633,45.77093],[-0.35362,45.77077],[-0.34779,45.76823],[-0.34512,45.7653],[-0.33679,45.76199],[-0.33084,45.76132],[-0.33116,45.76383],[-0.32724,45.76545],[-0.32542,45.77153],[-0.32561,45.77531],[-0.32277,45.77812],[-0.31983,45.78476],[-0.31217,45.78629],[-0.30617,45.78332],[-0.30223,45.78284],[-0.29973,45.78051],[-0.30323,45.77575],[-0.29656,45.77334],[-0.2948,45.76883],[-0.289,45.76865],[-0.29005,45.76637],[-0.28915,45.765],[-0.28493,45.76277],[-0.28859,45.76132],[-0.29295,45.75677],[-0.2943,45.75426],[-0.29322,45.74934],[-0.30283,45.74857],[-0.30334,45.74428],[-0.30662,45.74173],[-0.30739,45.73636],[-0.31346,45.72636],[-0.31315,45.72118],[-0.31484,45.7148],[-0.31629,45.71427],[-0.31562,45.71492],[-0.31875,45.71731],[-0.33853,45.71721],[-0.34555,45.71601],[-0.34647,45.71126],[-0.34978,45.71068],[-0.34761,45.70839],[-0.3475,45.70619],[-0.35477,45.7025],[-0.35947,45.69595],[-0.36195,45.68888],[-0.37036,45.68498],[-0.37131,45.68222],[-0.37475,45.67884],[-0.37911,45.68009],[-0.38581,45.67938],[-0.39656,45.68507],[-0.40176,45.68363],[-0.40791,45.68475],[-0.41281,45.68242],[-0.41926,45.68293]]],[[[-0.45275,45.77128],[-0.45487,45.7726],[-0.45388,45.77334],[-0.45647,45.7763],[-0.45584,45.78051],[-0.45239,45.78361],[-0.43551,45.79037],[-0.43391,45.78821],[-0.43044,45.78676],[-0.42152,45.78711],[-0.40932,45.79265],[-0.40725,45.79102],[-0.40797,45.78883],[-0.40199,45.78652],[-0.40381,45.78175],[-0.40142,45.77623],[-0.40299,45.77551],[-0.40179,45.77334],[-0.40359,45.77204],[-0.40307,45.7707],[-0.40946,45.76717],[-0.41366,45.77143],[-0.42766,45.76339],[-0.43197,45.76577],[-0.43215,45.76699],[-0.44367,45.76457],[-0.44933,45.766],[-0.44878,45.7689],[-0.4507,45.76894],[-0.45275,45.77128]]]]}},{"type":"Feature","properties":{"cru":"Fins Bois","kleur":"rgb(253, 222, 64)"},"geometry":{"type":"MultiPolygon","coordinates":[[[[-0.57408,45.54309],[-0.57732,45.54502],[-0.56379,45.55469],[-0.56578,45.5559],[-0.5784,45.55701],[-0.58366,45.56336],[-0.57673,45.56552],[-0.5866,45.56665],[-0.58639,45.56882],[-0.58847,45.56949],[-0.58447,45.5731],[-0.59829,45.57241],[-0.60006,45.57513],[-0.59689,45.58285],[-0.59347,45.58088],[-0.58786,45.57997],[-0.58488,45.58619],[-0.57831,45.58704],[-0.57567,45.58949],[-0.58323,45.59102],[-0.58239,45.59448],[-0.59205,45.59924],[-0.59852,45.59556],[-0.6034,45.59809],[-0.6086,45.59215],[-0.62225,45.59345],[-0.62095,45.58939],[-0.62501,45.58977],[-0.63879,45.58617],[-0.64696,45.58789],[-0.65241,45.58558],[-0.65501,45.58718],[-0.65534,45.58874],[-0.6537,45.59036],[-0.65922,45.59404],[-0.65752,45.59687],[-0.65876,45.59738],[-0.65362,45.60554],[-0.65114,45.60583],[-0.64984,45.60775],[-0.65115,45.60951],[-0.64772,45.61412],[-0.65425,45.61461],[-0.66393,45.61804],[-0.67142,45.6191],[-0.68673,45.62562],[-0.68359,45.62908],[-0.68075,45.63938],[-0.67447,45.64189],[-0.67047,45.64614],[-0.69185,45.65915],[-0.68969,45.65953],[-0.68732,45.66337],[-0.68519,45.66906],[-0.68574,45.67193],[-0.68023,45.67221],[-0.67798,45.67452],[-0.67443,45.67525],[-0.66329,45.68171],[-0.66194,45.68062],[-0.65959,45.68109],[-0.65309,45.6854],[-0.65077,45.68425],[-0.64784,45.6926],[-0.65053,45.70217],[-0.65075,45.70636],[-0.6495,45.70797],[-0.65872,45.71008],[-0.66077,45.70866],[-0.66398,45.70875],[-0.66675,45.7062],[-0.66702,45.70434],[-0.67288,45.70342],[-0.67601,45.70514],[-0.67778,45.70351],[-0.68672,45.70494],[-0.69062,45.7105],[-0.69712,45.70732],[-0.70078,45.7098],[-0.69833,45.71076],[-0.6999,45.71216],[-0.70454,45.71294],[-0.70314,45.71365],[-0.70335,45.71519],[-0.70088,45.71613],[-0.70247,45.72061],[-0.705,45.72144],[-0.70369,45.72402],[-0.70089,45.72364],[-0.69982,45.72687],[-0.68587,45.72763],[-0.68582,45.72941],[-0.68173,45.73261],[-0.68963,45.73832],[-0.68461,45.74029],[-0.6831,45.74268],[-0.70214,45.73695],[-0.70694,45.74642],[-0.702,45.74706],[-0.70183,45.74995],[-0.69464,45.75115],[-0.6848,45.75046],[-0.68416,45.74896],[-0.68088,45.74902],[-0.68042,45.75005],[-0.67158,45.74861],[-0.67119,45.75026],[-0.66814,45.75005],[-0.66677,45.75139],[-0.66715,45.75725],[-0.66117,45.76463],[-0.65658,45.76684],[-0.66822,45.77302],[-0.67205,45.77376],[-0.67441,45.78212],[-0.67311,45.78314],[-0.66658,45.78201],[-0.66745,45.78383],[-0.66362,45.78673],[-0.65394,45.78674],[-0.65244,45.78834],[-0.64747,45.78906],[-0.64736,45.79184],[-0.64305,45.79425],[-0.63933,45.80272],[-0.63907,45.80998],[-0.64368,45.813],[-0.64347,45.81513],[-0.64032,45.81759],[-0.63926,45.82227],[-0.64344,45.82746],[-0.6481,45.83031],[-0.65047,45.83493],[-0.65267,45.83631],[-0.66023,45.83921],[-0.66946,45.84068],[-0.67432,45.83654],[-0.67778,45.83618],[-0.68338,45.84309],[-0.68382,45.84542],[-0.68233,45.84853],[-0.68353,45.85056],[-0.69034,45.85376],[-0.70014,45.8539],[-0.70379,45.85587],[-0.70537,45.86564],[-0.70234,45.86798],[-0.69527,45.86848],[-0.68494,45.87254],[-0.68227,45.8745],[-0.6815,45.87695],[-0.68242,45.87973],[-0.68592,45.88107],[-0.70544,45.8809],[-0.71267,45.87882],[-0.7248,45.8779],[-0.74747,45.88318],[-0.74793,45.88911],[-0.73967,45.89816],[-0.73931,45.90359],[-0.73555,45.90417],[-0.73289,45.90712],[-0.71858,45.90733],[-0.71499,45.90541],[-0.71188,45.90755],[-0.69707,45.9103],[-0.69773,45.91168],[-0.695,45.91468],[-0.68767,45.91505],[-0.68027,45.91314],[-0.675,45.91823],[-0.66592,45.91613],[-0.65834,45.92489],[-0.65262,45.92293],[-0.65197,45.92029],[-0.64807,45.91872],[-0.64763,45.91657],[-0.64049,45.91218],[-0.63892,45.9119],[-0.63611,45.9158],[-0.63384,45.91681],[-0.62433,45.91765],[-0.62127,45.91685],[-0.62134,45.91569],[-0.61731,45.91516],[-0.6176,45.91345],[-0.61308,45.91086],[-0.61712,45.90806],[-0.61486,45.90668],[-0.60747,45.9049],[-0.603,45.90702],[-0.59622,45.90643],[-0.59621,45.90475],[-0.58997,45.90207],[-0.58597,45.90731],[-0.5875,45.90892],[-0.58338,45.91745],[-0.58728,45.92545],[-0.58551,45.92833],[-0.58683,45.93132],[-0.58553,45.93482],[-0.58743,45.93891],[-0.57303,45.94252],[-0.5634,45.94223],[-0.53532,45.93575],[-0.52991,45.93723],[-0.53472,45.93909],[-0.54276,45.94591],[-0.54018,45.94723],[-0.54013,45.94863],[-0.54318,45.95269],[-0.54758,45.95528],[-0.54184,45.95557],[-0.53914,45.95428],[-0.53723,45.95533],[-0.54204,45.95917],[-0.54938,45.96222],[-0.5459,45.96786],[-0.53963,45.97239],[-0.54098,45.97355],[-0.53936,45.9758],[-0.53405,45.97935],[-0.52649,45.96568],[-0.51898,45.96501],[-0.5188,45.96165],[-0.51097,45.96243],[-0.51078,45.96018],[-0.49897,45.96789],[-0.4921,45.96956],[-0.48032,45.96532],[-0.47119,45.96964],[-0.4639,45.96973],[-0.46367,45.97311],[-0.45978,45.97267],[-0.45996,45.96128],[-0.45438,45.96091],[-0.43995,45.95623],[-0.43797,45.95666],[-0.43569,45.96072],[-0.42696,45.95931],[-0.42664,45.96345],[-0.42825,45.96745],[-0.42993,45.96687],[-0.43125,45.96862],[-0.4322,45.97195],[-0.43712,45.97227],[-0.4369,45.97342],[-0.43402,45.97373],[-0.43531,45.97664],[-0.43413,45.97722],[-0.44179,45.98442],[-0.44819,45.98591],[-0.45242,45.9835],[-0.45305,45.98535],[-0.44791,45.98926],[-0.45059,45.99147],[-0.44693,45.99484],[-0.44556,45.99851],[-0.4444,45.99855],[-0.44381,46.00098],[-0.44106,46.00369],[-0.43944,46.00171],[-0.43298,46.00425],[-0.42939,46.00348],[-0.42608,46.00438],[-0.42662,46.00621],[-0.41959,46.00777],[-0.41001,46.00626],[-0.40827,46.00355],[-0.39021,46.00134],[-0.38735,45.99996],[-0.38253,46.00161],[-0.37794,46.00141],[-0.36744,45.9994],[-0.36759,45.99472],[-0.35568,45.99303],[-0.35735,45.98723],[-0.33698,45.98681],[-0.33416,45.9966],[-0.33965,45.99651],[-0.34034,46.00649],[-0.33749,46.01183],[-0.32531,46.00703],[-0.32496,46.00402],[-0.32709,46.00257],[-0.32763,46.0004],[-0.32639,45.99998],[-0.32158,46.00068],[-0.31349,45.99771],[-0.31066,46.00215],[-0.30531,46.00466],[-0.30562,46.00596],[-0.30022,46.00528],[-0.29123,46.00769],[-0.28497,46.0064],[-0.28376,46.00269],[-0.28493,45.99996],[-0.27495,45.99691],[-0.27668,45.99404],[-0.2704,45.9918],[-0.26838,45.99413],[-0.26345,45.99226],[-0.26162,45.99433],[-0.25963,45.99123],[-0.25744,45.99498],[-0.25959,45.99563],[-0.25912,45.997],[-0.25755,45.99698],[-0.25578,45.99942],[-0.25416,45.99884],[-0.24816,46.00454],[-0.2445,46.00416],[-0.23753,46.01275],[-0.2304,46.01733],[-0.22806,46.0173],[-0.21935,46.01636],[-0.21968,46.01271],[-0.22355,46.00705],[-0.22413,45.996],[-0.21738,45.99416],[-0.22747,45.98544],[-0.22419,45.98311],[-0.22315,45.98433],[-0.2203,45.98247],[-0.21631,45.98556],[-0.21042,45.98288],[-0.20912,45.98111],[-0.19865,45.98466],[-0.1923,45.9832],[-0.19367,45.97756],[-0.19743,45.97788],[-0.1989,45.97506],[-0.19733,45.97438],[-0.19849,45.97305],[-0.18951,45.96861],[-0.18225,45.96936],[-0.17932,45.97172],[-0.16253,45.96723],[-0.16175,45.96986],[-0.15696,45.96826],[-0.15116,45.96829],[-0.14514,45.96393],[-0.1428,45.97037],[-0.13737,45.97477],[-0.13561,45.97854],[-0.12581,45.97898],[-0.11607,45.97748],[-0.11379,45.97411],[-0.10618,45.96981],[-0.10294,45.96966],[-0.07527,45.98038],[-0.0724,45.97833],[-0.07209,45.98018],[-0.06267,45.98164],[-0.06201,45.97972],[-0.0603,45.98188],[-0.06157,45.98302],[-0.05837,45.98682],[-0.05034,45.98906],[-0.05007,45.98726],[-0.04245,45.98742],[-0.04249,45.98365],[-0.03301,45.97961],[-0.03225,45.97477],[-0.02893,45.97313],[-0.00751,45.97033],[-0.00825,45.97428],[-0.005,45.97822],[-0.00409,45.98391],[-0.00284,45.98196],[0.0091,45.98364],[0.01203,45.98442],[0.01094,45.98603],[0.01253,45.98651],[0.01537,45.98476],[0.03357,45.98032],[0.0241,45.97541],[0.02203,45.9723],[0.02241,45.96947],[0.02852,45.96699],[0.02898,45.9652],[0.03129,45.96556],[0.034,45.96386],[0.0418,45.95664],[0.04469,45.95206],[0.06062,45.9522],[0.06224,45.94895],[0.06551,45.94803],[0.08371,45.946],[0.08437,45.94435],[0.08079,45.94348],[0.08225,45.94107],[0.09286,45.94651],[0.09398,45.95067],[0.09781,45.95011],[0.10422,45.96207],[0.11199,45.96146],[0.11293,45.96702],[0.12076,45.96965],[0.12602,45.96872],[0.12795,45.97236],[0.13286,45.96995],[0.13118,45.96733],[0.13653,45.96419],[0.14396,45.96245],[0.14498,45.96436],[0.14777,45.96392],[0.15693,45.9672],[0.1608,45.97246],[0.16183,45.9772],[0.16466,45.97892],[0.17391,45.97378],[0.19498,45.97433],[0.20217,45.97568],[0.2015,45.96284],[0.20236,45.96245],[0.19743,45.92526],[0.1983,45.92519],[0.20078,45.9135],[0.19985,45.90916],[0.18824,45.9109],[0.18456,45.9101],[0.18946,45.90891],[0.18805,45.90629],[0.18936,45.9055],[0.18852,45.90382],[0.19037,45.90273],[0.18901,45.90135],[0.19004,45.898],[0.18727,45.89803],[0.18202,45.89388],[0.17816,45.89368],[0.17938,45.89217],[0.18989,45.89188],[0.18248,45.88053],[0.18534,45.87995],[0.18755,45.87784],[0.19694,45.87815],[0.19957,45.87685],[0.20725,45.8765],[0.20963,45.87444],[0.22274,45.87733],[0.24648,45.87678],[0.25918,45.87815],[0.27082,45.87701],[0.27811,45.87485],[0.2774,45.86997],[0.26985,45.86664],[0.26421,45.86078],[0.26143,45.85958],[0.27057,45.85302],[0.26242,45.84846],[0.25821,45.85252],[0.25685,45.8511],[0.25779,45.84671],[0.25452,45.84638],[0.24985,45.84211],[0.24735,45.8435],[0.24162,45.84006],[0.24081,45.83613],[0.23772,45.83459],[0.23359,45.82984],[0.24718,45.82788],[0.25631,45.8231],[0.25544,45.82034],[0.25621,45.81712],[0.2549,45.81417],[0.2523,45.81142],[0.24378,45.80892],[0.24063,45.80439],[0.26783,45.80599],[0.26424,45.80197],[0.26619,45.79975],[0.28246,45.79474],[0.28161,45.79342],[0.28668,45.79207],[0.28427,45.78946],[0.28171,45.78906],[0.29371,45.77789],[0.2832,45.76825],[0.28199,45.76422],[0.29879,45.76412],[0.29936,45.76048],[0.29758,45.75834],[0.29842,45.75669],[0.29764,45.75492],[0.30365,45.74891],[0.30235,45.74245],[0.31108,45.71996],[0.30857,45.71845],[0.30996,45.71901],[0.31425,45.7159],[0.32313,45.71358],[0.31399,45.68439],[0.30964,45.68268],[0.30644,45.67825],[0.31219,45.6741],[0.3094,45.67],[0.30835,45.66508],[0.31079,45.66507],[0.31014,45.66358],[0.31235,45.66259],[0.32031,45.66282],[0.32828,45.659],[0.32568,45.65648],[0.32038,45.65552],[0.31254,45.65157],[0.30364,45.65212],[0.30333,45.64815],[0.29559,45.64068],[0.29402,45.63471],[0.29412,45.63359],[0.30083,45.63245],[0.29005,45.62379],[0.2878,45.62393],[0.28585,45.61948],[0.29308,45.61498],[0.29388,45.61077],[0.3003,45.60328],[0.29892,45.59745],[0.30094,45.59466],[0.2974,45.59351],[0.29858,45.59152],[0.2967,45.58963],[0.29203,45.58818],[0.29595,45.58466],[0.29155,45.57912],[0.29876,45.57396],[0.31187,45.57811],[0.31459,45.57227],[0.31359,45.56761],[0.3174,45.5671],[0.32115,45.55749],[0.32751,45.55525],[0.32868,45.55703],[0.33267,45.55747],[0.33435,45.55539],[0.33063,45.54915],[0.31747,45.54906],[0.31817,45.54403],[0.31633,45.53864],[0.31125,45.53736],[0.30899,45.52744],[0.32077,45.52059],[0.33065,45.51973],[0.33266,45.51715],[0.33778,45.51549],[0.33583,45.50934],[0.33246,45.50888],[0.32838,45.50489],[0.33603,45.49855],[0.33421,45.49748],[0.33393,45.49481],[0.32617,45.49175],[0.32607,45.48738],[0.32003,45.48651],[0.31738,45.48709],[0.31282,45.49102],[0.30893,45.49063],[0.30644,45.48888],[0.30317,45.49269],[0.30001,45.49326],[0.29518,45.4992],[0.29255,45.49947],[0.28571,45.49052],[0.28604,45.48688],[0.28746,45.4865],[0.2928,45.47886],[0.29504,45.47184],[0.29957,45.47048],[0.2977,45.46919],[0.30105,45.46659],[0.29929,45.46603],[0.3023,45.45884],[0.29905,45.4567],[0.29446,45.45666],[0.27574,45.45092],[0.27144,45.44472],[0.26817,45.44664],[0.2682,45.44912],[0.26566,45.45076],[0.26401,45.45029],[0.26207,45.44725],[0.25727,45.44418],[0.25378,45.43819],[0.25001,45.43974],[0.24397,45.43908],[0.24323,45.4366],[0.23496,45.43716],[0.22164,45.43466],[0.21202,45.42718],[0.20306,45.43412],[0.19611,45.42868],[0.20493,45.42722],[0.20898,45.42465],[0.20988,45.42129],[0.21811,45.42181],[0.23078,45.42637],[0.24008,45.42713],[0.23889,45.4231],[0.23979,45.42109],[0.24422,45.42046],[0.25133,45.42338],[0.26075,45.42288],[0.26779,45.42081],[0.26851,45.42203],[0.27183,45.41692],[0.26891,45.41313],[0.26992,45.41171],[0.26762,45.40798],[0.26297,45.40942],[0.25852,45.40898],[0.25184,45.41155],[0.24894,45.40902],[0.23609,45.41086],[0.22487,45.41046],[0.21081,45.41186],[0.21178,45.40351],[0.20912,45.39949],[0.20815,45.39341],[0.20461,45.38726],[0.20171,45.3864],[0.19697,45.38842],[0.19481,45.38802],[0.183,45.38324],[0.1721,45.38763],[0.1633,45.38853],[0.15887,45.38788],[0.15865,45.38521],[0.1557,45.38218],[0.15333,45.38222],[0.15232,45.37896],[0.14253,45.37944],[0.14258,45.37827],[0.13966,45.3779],[0.12107,45.38163],[0.1188,45.38037],[0.11918,45.37912],[0.11588,45.3786],[0.11364,45.37369],[0.11481,45.37183],[0.11368,45.36965],[0.11051,45.36918],[0.10988,45.36566],[0.10805,45.36517],[0.10945,45.36074],[0.11246,45.35992],[0.1108,45.35356],[0.11297,45.34703],[0.11131,45.34196],[0.10964,45.34053],[0.10596,45.34173],[0.10498,45.344],[0.10586,45.34613],[0.10115,45.35234],[0.10341,45.35338],[0.10264,45.35692],[0.09874,45.36322],[0.09888,45.36778],[0.09625,45.37132],[0.0932,45.37234],[0.09287,45.37436],[0.09503,45.37634],[0.09308,45.38008],[0.09864,45.38483],[0.09842,45.39171],[0.10208,45.39759],[0.10164,45.40383],[0.09746,45.40442],[0.10081,45.40845],[0.10115,45.41129],[0.10765,45.4148],[0.10643,45.41815],[0.10769,45.41993],[0.10648,45.42314],[0.0952,45.42714],[0.09171,45.42667],[0.08443,45.42027],[0.0763,45.4206],[0.07123,45.41938],[0.06611,45.4073],[0.05059,45.38538],[0.04439,45.38741],[0.03132,45.38835],[0.02444,45.39092],[0.02007,45.39614],[0.01113,45.40229],[-0.0059,45.40283],[-0.01642,45.4055],[-0.02165,45.40827],[-0.03546,45.41008],[-0.04053,45.40926],[-0.04412,45.40631],[-0.04588,45.40722],[-0.04686,45.41075],[-0.05424,45.41459],[-0.05888,45.40959],[-0.06026,45.41014],[-0.06391,45.40754],[-0.06396,45.40588],[-0.06944,45.40387],[-0.07206,45.40539],[-0.07605,45.40306],[-0.07774,45.40379],[-0.07848,45.40615],[-0.08385,45.40464],[-0.08803,45.40117],[-0.09133,45.40074],[-0.09645,45.40072],[-0.09919,45.40192],[-0.09952,45.40376],[-0.10193,45.40339],[-0.1014,45.39737],[-0.10462,45.39627],[-0.10352,45.39008],[-0.10566,45.38944],[-0.10703,45.38731],[-0.10914,45.38001],[-0.11693,45.37696],[-0.11842,45.37189],[-0.12963,45.36949],[-0.13435,45.36978],[-0.13841,45.37203],[-0.14552,45.3797],[-0.15227,45.38054],[-0.15396,45.37708],[-0.15246,45.37356],[-0.15633,45.3714],[-0.16418,45.37146],[-0.1672,45.37607],[-0.17717,45.38071],[-0.17998,45.38757],[-0.17974,45.39064],[-0.17623,45.39508],[-0.1762,45.39724],[-0.1792,45.39848],[-0.17914,45.39996],[-0.18772,45.39887],[-0.19287,45.40468],[-0.19565,45.40363],[-0.20989,45.40597],[-0.21385,45.4088],[-0.21686,45.42148],[-0.21483,45.4217],[-0.20877,45.42607],[-0.20808,45.42789],[-0.20958,45.43119],[-0.20002,45.43194],[-0.19949,45.43303],[-0.19298,45.43147],[-0.18878,45.43346],[-0.17884,45.43422],[-0.17891,45.43831],[-0.17672,45.44503],[-0.1704,45.44373],[-0.1684,45.44652],[-0.16312,45.44695],[-0.1613,45.45356],[-0.15863,45.45385],[-0.1583,45.45646],[-0.14567,45.45562],[-0.14595,45.45179],[-0.14189,45.45124],[-0.14159,45.44595],[-0.13367,45.43897],[-0.13542,45.43516],[-0.13242,45.43504],[-0.13158,45.43374],[-0.12639,45.4321],[-0.12334,45.43217],[-0.11213,45.42717],[-0.10878,45.43686],[-0.10763,45.43697],[-0.10556,45.44084],[-0.10753,45.44336],[-0.10766,45.44633],[-0.10932,45.44769],[-0.10806,45.45105],[-0.09489,45.44976],[-0.09007,45.44744],[-0.08846,45.44581],[-0.08814,45.44302],[-0.08093,45.44313],[-0.08457,45.4534],[-0.07376,45.459],[-0.05999,45.46015],[-0.06099,45.46242],[-0.05961,45.46466],[-0.06098,45.46814],[-0.06321,45.46948],[-0.06353,45.47263],[-0.06233,45.47432],[-0.06458,45.47611],[-0.06503,45.47916],[-0.06642,45.48012],[-0.06669,45.48183],[-0.06491,45.48232],[-0.0655,45.48555],[-0.06744,45.48717],[-0.06455,45.48854],[-0.05516,45.49035],[-0.05058,45.48812],[-0.04724,45.48468],[-0.04673,45.48041],[-0.04242,45.47384],[-0.04245,45.46867],[-0.04086,45.46573],[-0.04047,45.45075],[-0.03875,45.45079],[-0.03826,45.45462],[-0.0358,45.45661],[-0.02959,45.458],[-0.02907,45.46072],[-0.01641,45.46238],[-0.01719,45.46411],[-0.01606,45.46612],[-0.01173,45.46518],[-0.00419,45.4666],[0.00473,45.46606],[0.01451,45.47072],[0.01713,45.47078],[0.01918,45.46928],[0.02389,45.46988],[0.028,45.47244],[0.02875,45.47449],[0.02026,45.47993],[0.01803,45.48443],[0.02001,45.48919],[0.01887,45.49039],[0.02004,45.49293],[0.02357,45.49561],[0.02458,45.50378],[0.02363,45.50498],[0.02469,45.50869],[0.02765,45.51127],[0.02752,45.51604],[0.0322,45.52036],[0.03707,45.52816],[0.04037,45.53048],[0.03625,45.53071],[0.03584,45.53295],[0.03768,45.53637],[0.03548,45.53704],[0.0262,45.53545],[0.02057,45.53673],[0.02082,45.53989],[0.01703,45.54174],[0.01529,45.54044],[0.01496,45.53774],[0.01164,45.53277],[0.00343,45.52566],[0.00025,45.52533],[-0.00071,45.52364],[0.0033,45.51374],[-0.01437,45.51215],[-0.01904,45.51056],[-0.01814,45.50919],[-0.02218,45.50613],[-0.02403,45.50627],[-0.02991,45.51313],[-0.0347,45.5132],[-0.03507,45.51576],[-0.03059,45.51577],[-0.03062,45.51797],[-0.03291,45.52044],[-0.03311,45.52678],[-0.02867,45.53219],[-0.01765,45.53358],[-0.01673,45.53451],[-0.01724,45.53729],[-0.0031,45.53925],[0.00032,45.54311],[-0.00221,45.55011],[-0.00788,45.55081],[-0.01358,45.55379],[-0.02103,45.55553],[-0.02899,45.55904],[-0.02931,45.56066],[-0.02218,45.57503],[-0.01121,45.5808],[-0.0054,45.58574],[-0.00558,45.58718],[-0.01102,45.59147],[-0.00991,45.59257],[-0.01155,45.5978],[-0.0107,45.6007],[0.00216,45.6056],[0.00163,45.60771],[0.0033,45.609],[0.00222,45.61172],[0.00262,45.62047],[-0.0019,45.62735],[-0.00889,45.63017],[-0.01313,45.63049],[-0.0116,45.63966],[-0.01303,45.64295],[-0.01627,45.64401],[-0.01766,45.64633],[-0.0139,45.64865],[-0.01459,45.65256],[-0.02123,45.65349],[-0.02394,45.65056],[-0.03004,45.64804],[-0.03193,45.64548],[-0.03802,45.64814],[-0.04885,45.64656],[-0.04595,45.64203],[-0.04858,45.6418],[-0.05236,45.63722],[-0.05101,45.63427],[-0.05609,45.633],[-0.06205,45.63566],[-0.06255,45.63403],[-0.06543,45.63383],[-0.06763,45.6359],[-0.06882,45.64105],[-0.07021,45.64035],[-0.07225,45.64314],[-0.07691,45.64561],[-0.08725,45.64718],[-0.08527,45.64879],[-0.0854,45.65046],[-0.09445,45.65179],[-0.10057,45.64963],[-0.102,45.65127],[-0.10767,45.65186],[-0.10838,45.65482],[-0.11126,45.6562],[-0.12142,45.65795],[-0.12354,45.66232],[-0.12029,45.66738],[-0.12077,45.66944],[-0.12757,45.6765],[-0.13903,45.67714],[-0.14484,45.67364],[-0.15222,45.67217],[-0.15998,45.67339],[-0.16232,45.67249],[-0.16795,45.67367],[-0.16703,45.67454],[-0.17156,45.67538],[-0.17354,45.67791],[-0.18323,45.68071],[-0.18849,45.68045],[-0.19609,45.67668],[-0.2037,45.67606],[-0.20776,45.6765],[-0.20734,45.67845],[-0.22084,45.679],[-0.22733,45.68304],[-0.22855,45.68175],[-0.23328,45.68128],[-0.24388,45.68554],[-0.2523,45.69124],[-0.24922,45.69396],[-0.24514,45.69577],[-0.24179,45.69571],[-0.24089,45.69704],[-0.25085,45.70261],[-0.26285,45.70247],[-0.26407,45.70392],[-0.26141,45.70588],[-0.2634,45.70698],[-0.26955,45.70412],[-0.27223,45.70535],[-0.27314,45.70263],[-0.27531,45.70106],[-0.28156,45.70019],[-0.28184,45.69785],[-0.28459,45.69642],[-0.29566,45.69671],[-0.29836,45.69543],[-0.30401,45.70083],[-0.30524,45.70364],[-0.31368,45.71073],[-0.31779,45.71203],[-0.31785,45.71455],[-0.31484,45.7148],[-0.31315,45.72118],[-0.31346,45.72636],[-0.30739,45.73636],[-0.30662,45.74173],[-0.30334,45.74428],[-0.30283,45.74857],[-0.29322,45.74934],[-0.2943,45.75426],[-0.29295,45.75677],[-0.28859,45.76132],[-0.28493,45.76277],[-0.28915,45.765],[-0.29005,45.76637],[-0.289,45.76865],[-0.2948,45.76883],[-0.29656,45.77334],[-0.30323,45.77575],[-0.29973,45.78051],[-0.30223,45.78284],[-0.30617,45.78332],[-0.31217,45.78629],[-0.31983,45.78476],[-0.32277,45.77812],[-0.32561,45.77531],[-0.32542,45.77153],[-0.32724,45.76545],[-0.33116,45.76383],[-0.33084,45.76132],[-0.33679,45.76199],[-0.34512,45.7653],[-0.34779,45.76823],[-0.35362,45.77077],[-0.35633,45.77093],[-0.3566,45.76979],[-0.36137,45.76888],[-0.36384,45.76674],[-0.36394,45.77529],[-0.36669,45.78047],[-0.3699,45.78077],[-0.37556,45.78367],[-0.37814,45.7828],[-0.38878,45.7836],[-0.40199,45.78652],[-0.40797,45.78883],[-0.40725,45.79102],[-0.40932,45.79265],[-0.42152,45.78711],[-0.43044,45.78676],[-0.43391,45.78821],[-0.43551,45.79037],[-0.45239,45.78361],[-0.45584,45.78051],[-0.45676,45.77761],[-0.45388,45.77334],[-0.45487,45.7726],[-0.4507,45.76894],[-0.44878,45.7689],[-0.44954,45.76249],[-0.45308,45.75861],[-0.46315,45.75184],[-0.46177,45.75129],[-0.46001,45.73928],[-0.46723,45.73888],[-0.46875,45.7339],[-0.46566,45.73206],[-0.46795,45.73097],[-0.4826,45.72899],[-0.48778,45.73042],[-0.49038,45.72887],[-0.49455,45.72175],[-0.49419,45.71876],[-0.48726,45.71563],[-0.48238,45.71557],[-0.48012,45.72153],[-0.47514,45.71855],[-0.47727,45.71494],[-0.47195,45.71282],[-0.47555,45.71012],[-0.47593,45.70502],[-0.47035,45.7026],[-0.47356,45.70014],[-0.47599,45.69372],[-0.47926,45.69206],[-0.4867,45.69719],[-0.49313,45.69338],[-0.49557,45.69458],[-0.49576,45.69836],[-0.50475,45.70087],[-0.51342,45.69962],[-0.51534,45.70182],[-0.51421,45.70347],[-0.51509,45.70439],[-0.52072,45.70637],[-0.52659,45.70702],[-0.53096,45.70579],[-0.54032,45.70762],[-0.54623,45.70657],[-0.53834,45.70434],[-0.53429,45.7017],[-0.53284,45.69873],[-0.53317,45.69142],[-0.53446,45.68914],[-0.53833,45.68801],[-0.54058,45.68434],[-0.53977,45.68234],[-0.54486,45.67527],[-0.5453,45.67279],[-0.55247,45.66751],[-0.54806,45.66196],[-0.547,45.65835],[-0.54771,45.65443],[-0.54342,45.65353],[-0.53978,45.64223],[-0.53678,45.64167],[-0.5362,45.63465],[-0.53728,45.63145],[-0.53826,45.63146],[-0.53281,45.62653],[-0.53447,45.62396],[-0.52958,45.61865],[-0.52934,45.61691],[-0.53131,45.61579],[-0.5335,45.61138],[-0.53155,45.60985],[-0.53215,45.60826],[-0.53624,45.60304],[-0.53733,45.59965],[-0.53574,45.59548],[-0.53346,45.59347],[-0.52485,45.59076],[-0.51964,45.5868],[-0.51884,45.58483],[-0.52001,45.57392],[-0.51515,45.57547],[-0.50956,45.57009],[-0.50747,45.56955],[-0.50779,45.56572],[-0.50432,45.56288],[-0.48937,45.56146],[-0.48756,45.55984],[-0.47747,45.55672],[-0.4799,45.55143],[-0.48002,45.54765],[-0.48338,45.54829],[-0.48537,45.54464],[-0.48177,45.54177],[-0.48168,45.54013],[-0.43627,45.52358],[-0.4375,45.51861],[-0.44157,45.51306],[-0.45207,45.51185],[-0.45387,45.50821],[-0.45572,45.5078],[-0.45269,45.5],[-0.46278,45.49569],[-0.46477,45.492],[-0.46419,45.4881],[-0.46634,45.48638],[-0.4635,45.48338],[-0.4645,45.47535],[-0.47178,45.47429],[-0.4659,45.46762],[-0.46093,45.46446],[-0.46587,45.45947],[-0.47463,45.45943],[-0.47573,45.45812],[-0.47638,45.45523],[-0.47204,45.4553],[-0.47402,45.45146],[-0.48054,45.44953],[-0.47981,45.44701],[-0.47614,45.44384],[-0.48275,45.44159],[-0.4827,45.43719],[-0.48419,45.43563],[-0.48089,45.43092],[-0.47377,45.42797],[-0.4706,45.42848],[-0.46539,45.43012],[-0.46332,45.43248],[-0.45265,45.43549],[-0.4474,45.432],[-0.44777,45.42682],[-0.43415,45.4241],[-0.43108,45.42786],[-0.42516,45.42276],[-0.42288,45.4246],[-0.42039,45.42366],[-0.41495,45.42632],[-0.41272,45.4261],[-0.40962,45.42914],[-0.40603,45.42951],[-0.40483,45.42682],[-0.40036,45.42474],[-0.39589,45.42461],[-0.39215,45.42036],[-0.3897,45.42108],[-0.38365,45.42],[-0.37934,45.41656],[-0.37438,45.41494],[-0.37323,45.41182],[-0.3753,45.41061],[-0.37339,45.4086],[-0.37087,45.4084],[-0.36877,45.40538],[-0.36656,45.40769],[-0.36463,45.40603],[-0.35116,45.41157],[-0.34979,45.40809],[-0.3413,45.41104],[-0.33336,45.40677],[-0.32818,45.40658],[-0.32607,45.41055],[-0.32456,45.41117],[-0.31954,45.41048],[-0.31606,45.40822],[-0.31258,45.41974],[-0.30679,45.42438],[-0.30333,45.42932],[-0.30177,45.43575],[-0.29459,45.4352],[-0.29606,45.43782],[-0.29046,45.43915],[-0.28628,45.43848],[-0.28297,45.43578],[-0.27788,45.43499],[-0.27439,45.43136],[-0.27204,45.43099],[-0.27021,45.43384],[-0.26682,45.43497],[-0.26197,45.43386],[-0.26135,45.44052],[-0.25437,45.44046],[-0.25312,45.43842],[-0.2481,45.43776],[-0.24717,45.43536],[-0.24722,45.43387],[-0.25473,45.43046],[-0.25172,45.42891],[-0.251,45.42582],[-0.25443,45.42115],[-0.25358,45.41802],[-0.24309,45.41781],[-0.23283,45.41951],[-0.23284,45.41463],[-0.23488,45.41188],[-0.23406,45.4092],[-0.2498,45.4096],[-0.2491,45.40552],[-0.2517,45.40258],[-0.25055,45.40103],[-0.25439,45.39874],[-0.25794,45.40199],[-0.26679,45.40137],[-0.27816,45.39872],[-0.27885,45.39718],[-0.27685,45.39123],[-0.28117,45.39204],[-0.28323,45.38843],[-0.28923,45.38847],[-0.29135,45.38729],[-0.30082,45.38878],[-0.30254,45.38609],[-0.31017,45.3868],[-0.31199,45.37673],[-0.30963,45.37557],[-0.30981,45.37372],[-0.30429,45.37187],[-0.30459,45.37002],[-0.30949,45.36581],[-0.31592,45.36534],[-0.32238,45.36689],[-0.32473,45.36043],[-0.33043,45.36319],[-0.33162,45.36257],[-0.33651,45.36619],[-0.33779,45.36481],[-0.34102,45.36564],[-0.34379,45.36467],[-0.34681,45.3664],[-0.34786,45.36458],[-0.35203,45.37015],[-0.35605,45.37104],[-0.35938,45.38063],[-0.35698,45.38352],[-0.35728,45.38674],[-0.35905,45.38923],[-0.35817,45.39007],[-0.3627,45.39714],[-0.36528,45.39829],[-0.37045,45.39915],[-0.37633,45.39547],[-0.38598,45.39392],[-0.38628,45.39142],[-0.38839,45.39173],[-0.39057,45.39013],[-0.39291,45.39072],[-0.39653,45.38904],[-0.39678,45.38755],[-0.40378,45.38813],[-0.40616,45.38499],[-0.41098,45.3858],[-0.41072,45.38748],[-0.41481,45.38713],[-0.41759,45.38533],[-0.42087,45.38789],[-0.41893,45.39166],[-0.41969,45.39434],[-0.42187,45.39756],[-0.42658,45.39993],[-0.42923,45.39672],[-0.43253,45.39604],[-0.43257,45.3946],[-0.43568,45.39497],[-0.43574,45.39009],[-0.44365,45.38794],[-0.4451,45.38945],[-0.4577,45.39292],[-0.45893,45.39565],[-0.46185,45.39535],[-0.47607,45.40199],[-0.47734,45.406],[-0.48438,45.40981],[-0.48488,45.4148],[-0.49324,45.41702],[-0.49757,45.41407],[-0.50107,45.41375],[-0.50223,45.4117],[-0.50613,45.41165],[-0.51229,45.41958],[-0.50993,45.42514],[-0.51339,45.42969],[-0.51464,45.43042],[-0.5186,45.42667],[-0.52299,45.43116],[-0.52908,45.43136],[-0.53009,45.43484],[-0.53477,45.43736],[-0.53093,45.44398],[-0.52835,45.44325],[-0.52768,45.44409],[-0.52982,45.44826],[-0.52432,45.45187],[-0.52874,45.45211],[-0.52996,45.4533],[-0.53013,45.45802],[-0.53184,45.46],[-0.53582,45.46192],[-0.54486,45.46178],[-0.54557,45.46334],[-0.54365,45.46675],[-0.54057,45.46669],[-0.54004,45.46888],[-0.54063,45.47044],[-0.54603,45.4722],[-0.54568,45.47344],[-0.54144,45.47605],[-0.54063,45.48026],[-0.53247,45.48092],[-0.5274,45.48415],[-0.52815,45.48751],[-0.5322,45.48916],[-0.53888,45.48358],[-0.54423,45.48286],[-0.54588,45.48025],[-0.54874,45.47995],[-0.55088,45.48165],[-0.55017,45.48393],[-0.55647,45.48696],[-0.55636,45.48858],[-0.55893,45.49],[-0.56227,45.49023],[-0.5674,45.50013],[-0.56629,45.50835],[-0.56257,45.52029],[-0.56084,45.53492],[-0.57096,45.53502],[-0.57457,45.53781],[-0.57085,45.54132],[-0.57408,45.54309]],[[0.00037,45.92486],[0.00264,45.92172],[0.0034,45.9175],[0.00219,45.91536],[-0.00072,45.91418],[-0.0024,45.90969],[-0.00218,45.90439],[0.00039,45.90155],[0.004,45.90014],[0.00735,45.90012],[0.01209,45.89779],[0.01666,45.89779],[0.01627,45.89653],[0.01832,45.89536],[0.0154,45.89422],[0.0165,45.89271],[0.02208,45.89161],[0.02371,45.88826],[0.03353,45.88923],[0.03862,45.88628],[0.04477,45.8855],[0.04745,45.88929],[0.0492,45.8891],[0.056,45.8928],[0.06161,45.89984],[0.06758,45.90437],[0.06908,45.90701],[0.07074,45.90727],[0.07045,45.90956],[0.07281,45.91028],[0.0723,45.91491],[0.02289,45.92443],[0.01848,45.92669],[0.01419,45.92583],[0.00951,45.92658],[0.00641,45.92383],[0.00395,45.92706],[0.00037,45.92486]],[[0.03649,45.4619],[0.03315,45.45477],[0.04021,45.45235],[0.03834,45.45123],[0.03714,45.44775],[0.04229,45.44565],[0.04244,45.44205],[0.05246,45.44068],[0.05815,45.44543],[0.05989,45.44965],[0.05613,45.45255],[0.05531,45.45861],[0.05247,45.46539],[0.03794,45.46716],[0.03307,45.47025],[0.03275,45.47375],[0.03098,45.47444],[0.02886,45.47343],[0.03205,45.4673],[0.03585,45.46513],[0.0351,45.46332],[0.03649,45.4619]],[[-0.01979,45.84911],[-0.02402,45.84727],[-0.03212,45.84714],[-0.0328,45.84937],[-0.03043,45.84961],[-0.02946,45.85098],[-0.02966,45.85259],[-0.03293,45.85388],[-0.0336,45.86043],[-0.04508,45.8623],[-0.04986,45.85662],[-0.05251,45.84635],[-0.05888,45.84788],[-0.06458,45.84699],[-0.06532,45.84468],[-0.06886,45.84186],[-0.07218,45.84112],[-0.07342,45.83848],[-0.08589,45.83463],[-0.0884,45.82924],[-0.09259,45.82676],[-0.10445,45.82701],[-0.11734,45.8445],[-0.12513,45.84856],[-0.13696,45.84686],[-0.14469,45.83967],[-0.14586,45.83717],[-0.14022,45.83649],[-0.14124,45.83322],[-0.13757,45.82768],[-0.1361,45.82064],[-0.13056,45.81919],[-0.11982,45.8223],[-0.12177,45.81835],[-0.11082,45.81535],[-0.11031,45.81252],[-0.10839,45.8114],[-0.1047,45.81219],[-0.09546,45.80415],[-0.07754,45.80778],[-0.07285,45.80788],[-0.06852,45.80469],[-0.06774,45.80588],[-0.06149,45.80569],[-0.05228,45.81292],[-0.04463,45.81596],[-0.03979,45.81282],[-0.04361,45.80428],[-0.03025,45.80344],[-0.0213,45.80633],[-0.02133,45.80403],[-0.01457,45.80727],[-0.01092,45.81487],[-0.00375,45.8206],[-0.00324,45.82349],[0.00756,45.82547],[0.00716,45.82875],[0.01029,45.83367],[0.00323,45.83492],[0.00208,45.83638],[0.00256,45.83841],[-0.00259,45.83988],[-0.01107,45.83957],[-0.0096,45.84132],[-0.00847,45.84809],[-0.01852,45.84814],[-0.01979,45.84911]],[[-0.5888,45.86802],[-0.595,45.86838],[-0.59392,45.86743],[-0.59483,45.86597],[-0.59991,45.86692],[-0.60565,45.86233],[-0.59487,45.85705],[-0.59638,45.85632],[-0.58942,45.85286],[-0.58792,45.85434],[-0.58494,45.85319],[-0.57758,45.85588],[-0.5697,45.86076],[-0.56863,45.86448],[-0.57303,45.86608],[-0.57926,45.86552],[-0.58337,45.86761],[-0.5888,45.86802]]],[[[-0.53631,45.39462],[-0.53087,45.39697],[-0.52574,45.39515],[-0.52497,45.39284],[-0.52778,45.3889],[-0.52604,45.3839],[-0.52737,45.37703],[-0.52578,45.37558],[-0.5249,45.37155],[-0.52249,45.36927],[-0.52527,45.36721],[-0.5311,45.3692],[-0.53191,45.36682],[-0.53507,45.36804],[-0.53646,45.36715],[-0.5379,45.36305],[-0.54067,45.36081],[-0.543,45.36107],[-0.54337,45.35909],[-0.54674,45.3578],[-0.55104,45.35296],[-0.55093,45.34699],[-0.55436,45.34434],[-0.55531,45.34139],[-0.56631,45.33549],[-0.56897,45.33152],[-0.57728,45.3354],[-0.57673,45.33725],[-0.57957,45.33785],[-0.58689,45.34375],[-0.58819,45.34034],[-0.59384,45.33476],[-0.59498,45.32946],[-0.5939,45.32579],[-0.59448,45.32114],[-0.60351,45.32168],[-0.60473,45.32413],[-0.61464,45.32343],[-0.62346,45.31866],[-0.62937,45.31928],[-0.63524,45.31819],[-0.6392,45.31569],[-0.6446,45.31515],[-0.64431,45.32205],[-0.70606,45.32643],[-0.71367,45.3279],[-0.75268,45.32177],[-0.77402,45.36921],[-0.81701,45.41147],[-0.76795,45.4396],[-0.76539,45.43941],[-0.75349,45.44359],[-0.75781,45.44825],[-0.7453,45.45545],[-0.74489,45.45728],[-0.75024,45.45949],[-0.74897,45.46188],[-0.74393,45.46375],[-0.7403,45.46876],[-0.72937,45.47415],[-0.72249,45.48044],[-0.71838,45.48719],[-0.70785,45.49696],[-0.71282,45.49699],[-0.71058,45.50118],[-0.70065,45.50222],[-0.69176,45.49651],[-0.68712,45.49115],[-0.67928,45.48713],[-0.66554,45.48403],[-0.64828,45.47487],[-0.65364,45.4709],[-0.65419,45.46818],[-0.6369,45.46054],[-0.62381,45.45985],[-0.62502,45.45847],[-0.62251,45.45723],[-0.62286,45.45637],[-0.61851,45.4554],[-0.6126,45.45227],[-0.6124,45.45093],[-0.60421,45.45114],[-0.60482,45.44923],[-0.60276,45.44794],[-0.60278,45.44096],[-0.60876,45.43077],[-0.59936,45.42567],[-0.59733,45.42599],[-0.5937,45.43357],[-0.5869,45.42939],[-0.58546,45.4306],[-0.57269,45.43039],[-0.56425,45.43163],[-0.56467,45.42985],[-0.5629,45.42666],[-0.5657,45.41781],[-0.56164,45.41472],[-0.56071,45.40682],[-0.55764,45.4019],[-0.55794,45.40027],[-0.55338,45.39738],[-0.53991,45.3939],[-0.53631,45.39462]]]]}},{"type":"Feature","properties":{"cru":"Bons Bois","kleur":"rgb(167, 208, 99)"},"geometry":{"type":"MultiPolygon","coordinates":[[[[0.21709,45.43164],[0.22164,45.43466],[0.22797,45.43626],[0.24323,45.4366],[0.24397,45.43908],[0.25001,45.43974],[0.25378,45.43819],[0.25727,45.44418],[0.26207,45.44725],[0.26401,45.45029],[0.26566,45.45076],[0.2682,45.44912],[0.26817,45.44664],[0.27144,45.44472],[0.27574,45.45092],[0.29446,45.45666],[0.29905,45.4567],[0.3023,45.45884],[0.29929,45.46603],[0.30105,45.46659],[0.2977,45.46919],[0.29957,45.47048],[0.29504,45.47184],[0.2928,45.47886],[0.28746,45.4865],[0.28604,45.48688],[0.28571,45.49052],[0.29255,45.49947],[0.29518,45.4992],[0.30001,45.49326],[0.30317,45.49269],[0.30644,45.48888],[0.30893,45.49063],[0.31282,45.49102],[0.31738,45.48709],[0.32003,45.48651],[0.32607,45.48738],[0.32617,45.49175],[0.33393,45.49481],[0.33421,45.49748],[0.33603,45.49855],[0.32838,45.50489],[0.33246,45.50888],[0.33583,45.50934],[0.33778,45.51549],[0.33266,45.51715],[0.33065,45.51973],[0.32077,45.52059],[0.30899,45.52744],[0.31125,45.53736],[0.31633,45.53864],[0.31817,45.54403],[0.31747,45.54906],[0.33063,45.54915],[0.33435,45.55539],[0.33267,45.55747],[0.32868,45.55703],[0.32751,45.55525],[0.32115,45.55749],[0.3174,45.5671],[0.31359,45.56761],[0.31459,45.57227],[0.31187,45.57811],[0.29876,45.57396],[0.29155,45.57912],[0.29595,45.58466],[0.29203,45.58818],[0.2967,45.58963],[0.29858,45.59152],[0.2974,45.59351],[0.30094,45.59466],[0.29892,45.59745],[0.3003,45.60328],[0.29388,45.61077],[0.29308,45.61498],[0.28585,45.61948],[0.2878,45.62393],[0.29005,45.62379],[0.30083,45.63245],[0.29412,45.63359],[0.29402,45.63471],[0.29559,45.64068],[0.30333,45.64815],[0.30364,45.65212],[0.31254,45.65157],[0.32038,45.65552],[0.32568,45.65648],[0.32828,45.659],[0.32031,45.66282],[0.31235,45.66259],[0.31014,45.66358],[0.31079,45.66507],[0.30835,45.66508],[0.3094,45.67],[0.31219,45.6741],[0.30644,45.67825],[0.30964,45.68268],[0.31399,45.68439],[0.32313,45.71358],[0.32712,45.71023],[0.33239,45.71341],[0.33548,45.71174],[0.33802,45.71209],[0.34121,45.71471],[0.34774,45.71708],[0.35694,45.71307],[0.35887,45.71669],[0.36557,45.71605],[0.36962,45.71427],[0.37014,45.70839],[0.36868,45.70651],[0.37023,45.70605],[0.37302,45.69795],[0.37493,45.69672],[0.3731,45.69215],[0.37504,45.68998],[0.37445,45.6883],[0.37873,45.68545],[0.38306,45.68494],[0.38319,45.6827],[0.38812,45.68305],[0.39346,45.68656],[0.39633,45.68355],[0.41649,45.69087],[0.42256,45.68976],[0.42303,45.68559],[0.42759,45.68737],[0.44134,45.67775],[0.43972,45.67642],[0.43624,45.67667],[0.4326,45.67058],[0.43404,45.6698],[0.43078,45.66569],[0.4279,45.65804],[0.4282,45.65498],[0.43152,45.65365],[0.42459,45.64988],[0.4319,45.64079],[0.43647,45.64186],[0.44052,45.63994],[0.46583,45.63694],[0.46509,45.6359],[0.47201,45.63273],[0.47556,45.62797],[0.47837,45.62829],[0.47933,45.62678],[0.48148,45.62749],[0.48505,45.62422],[0.4888,45.62338],[0.49344,45.62481],[0.49974,45.62221],[0.49965,45.61726],[0.50383,45.6131],[0.50324,45.61133],[0.51063,45.60889],[0.51067,45.60587],[0.51282,45.60663],[0.5135,45.60349],[0.51699,45.59887],[0.5102,45.59669],[0.5133,45.59422],[0.51158,45.59208],[0.51632,45.58806],[0.51275,45.58558],[0.51389,45.58429],[0.50726,45.57738],[0.50067,45.57305],[0.50361,45.57152],[0.50509,45.56912],[0.49858,45.56477],[0.5088,45.55986],[0.50685,45.5588],[0.50578,45.55612],[0.50655,45.55434],[0.50246,45.54806],[0.49987,45.54509],[0.49431,45.5468],[0.49311,45.54233],[0.48978,45.54272],[0.48834,45.54126],[0.48621,45.54281],[0.48621,45.5383],[0.46574,45.53962],[0.46436,45.53663],[0.46495,45.53434],[0.45935,45.52597],[0.45671,45.52453],[0.44931,45.52391],[0.45113,45.51944],[0.45024,45.51727],[0.44542,45.51431],[0.44142,45.5096],[0.43917,45.50961],[0.43727,45.50535],[0.43213,45.50391],[0.43297,45.50195],[0.43167,45.49306],[0.43327,45.48764],[0.43174,45.4856],[0.4244,45.48528],[0.42292,45.48377],[0.41769,45.48697],[0.41402,45.49123],[0.40925,45.49249],[0.39785,45.48901],[0.39094,45.48529],[0.3817,45.48626],[0.37838,45.48413],[0.37896,45.47874],[0.37663,45.47604],[0.3665,45.47461],[0.36099,45.47676],[0.35919,45.47502],[0.35926,45.46998],[0.36067,45.46794],[0.35888,45.46606],[0.34967,45.46427],[0.34597,45.46083],[0.3429,45.4606],[0.34111,45.46246],[0.33816,45.46267],[0.33286,45.4594],[0.33396,45.4495],[0.32939,45.44335],[0.32205,45.45204],[0.30785,45.46087],[0.30386,45.45967],[0.30018,45.45214],[0.30205,45.45005],[0.30194,45.44595],[0.3116,45.44245],[0.31772,45.43572],[0.31207,45.43273],[0.30759,45.43374],[0.30353,45.43221],[0.29282,45.43399],[0.28723,45.43196],[0.28292,45.42825],[0.2749,45.42553],[0.27086,45.41893],[0.26851,45.42203],[0.26779,45.42081],[0.25581,45.42333],[0.24874,45.42279],[0.24422,45.42046],[0.23979,45.42109],[0.23889,45.4231],[0.24008,45.42713],[0.23078,45.42637],[0.21811,45.42181],[0.20988,45.42129],[0.20898,45.42465],[0.20493,45.42722],[0.19611,45.42868],[0.20306,45.43412],[0.21202,45.42718],[0.21709,45.43164]]],[[[0.38101,45.72977],[0.38053,45.73246],[0.38246,45.73582],[0.38146,45.7372],[0.37779,45.73718],[0.3785,45.74273],[0.35465,45.74114],[0.34625,45.74221],[0.30235,45.74245],[0.30365,45.74891],[0.29764,45.75492],[0.29842,45.75669],[0.29758,45.75834],[0.29936,45.76048],[0.29879,45.76412],[0.28199,45.76422],[0.2832,45.76825],[0.29371,45.77789],[0.28171,45.78906],[0.28427,45.78946],[0.28668,45.79207],[0.28161,45.79342],[0.28246,45.79474],[0.26619,45.79975],[0.26424,45.80197],[0.26783,45.80599],[0.24063,45.80439],[0.24378,45.80892],[0.2523,45.81142],[0.2549,45.81417],[0.25621,45.81712],[0.25544,45.82034],[0.25631,45.8231],[0.24718,45.82788],[0.23839,45.82871],[0.23381,45.8306],[0.24081,45.83613],[0.24162,45.84006],[0.24735,45.8435],[0.24985,45.84211],[0.25452,45.84638],[0.25779,45.84671],[0.25685,45.8511],[0.25821,45.85252],[0.26242,45.84846],[0.27057,45.85302],[0.26143,45.85958],[0.26421,45.86078],[0.26985,45.86664],[0.2774,45.86997],[0.27811,45.87485],[0.27082,45.87701],[0.25918,45.87815],[0.24648,45.87678],[0.22274,45.87733],[0.20963,45.87444],[0.20725,45.8765],[0.20972,45.88077],[0.20649,45.8894],[0.2077,45.89122],[0.21653,45.8931],[0.21651,45.89517],[0.21505,45.89618],[0.20851,45.89493],[0.20901,45.89606],[0.20728,45.89757],[0.20387,45.89885],[0.20269,45.90404],[0.19984,45.90628],[0.20078,45.9135],[0.1983,45.92519],[0.19743,45.92526],[0.20236,45.96245],[0.2015,45.96284],[0.20267,45.97078],[0.20054,45.99261],[0.22261,45.9947],[0.2261,45.99597],[0.22662,45.99441],[0.22935,45.99373],[0.23796,45.99512],[0.24179,45.99451],[0.24401,45.9923],[0.25571,45.99684],[0.25699,45.98853],[0.26016,45.98184],[0.25757,45.97842],[0.25614,45.972],[0.25993,45.9705],[0.25813,45.96875],[0.2602,45.96686],[0.26239,45.96892],[0.2649,45.96722],[0.26773,45.96758],[0.27031,45.97064],[0.27502,45.97091],[0.28159,45.97473],[0.28404,45.97486],[0.28643,45.97449],[0.28722,45.97235],[0.29194,45.9741],[0.29836,45.97161],[0.30186,45.96933],[0.30209,45.96677],[0.3051,45.96561],[0.30502,45.96439],[0.2982,45.96373],[0.29087,45.96116],[0.28457,45.95385],[0.27664,45.95011],[0.27856,45.94704],[0.27428,45.94579],[0.27256,45.9472],[0.26542,45.94482],[0.26366,45.94689],[0.25567,45.94694],[0.25586,45.94505],[0.26783,45.9355],[0.27548,45.91755],[0.27927,45.91452],[0.29052,45.91198],[0.29881,45.91757],[0.30674,45.91452],[0.30547,45.91211],[0.30575,45.90622],[0.30823,45.90568],[0.31004,45.90351],[0.30993,45.8977],[0.31364,45.8934],[0.31576,45.89358],[0.32353,45.89929],[0.32985,45.89257],[0.33241,45.89257],[0.33308,45.88687],[0.33578,45.88349],[0.33979,45.88303],[0.34406,45.88058],[0.34612,45.87567],[0.34399,45.87185],[0.34464,45.86669],[0.33772,45.86553],[0.32373,45.86766],[0.32032,45.86238],[0.32257,45.85878],[0.32245,45.85509],[0.31178,45.8441],[0.31887,45.83518],[0.32808,45.83355],[0.33749,45.83683],[0.34671,45.83433],[0.34549,45.83084],[0.34078,45.83103],[0.34065,45.8276],[0.33858,45.82423],[0.33923,45.81884],[0.3262,45.81808],[0.32861,45.81524],[0.32537,45.81059],[0.33231,45.80738],[0.32829,45.80303],[0.33357,45.80088],[0.33546,45.80213],[0.3454,45.79767],[0.36191,45.80201],[0.36653,45.79782],[0.36897,45.7971],[0.36924,45.79508],[0.37286,45.79516],[0.37453,45.79269],[0.38784,45.78739],[0.38893,45.78588],[0.3871,45.78095],[0.39066,45.77669],[0.391,45.77242],[0.38984,45.77244],[0.39102,45.76837],[0.39517,45.76464],[0.39735,45.75969],[0.40039,45.7594],[0.39923,45.75641],[0.39369,45.75091],[0.39198,45.74652],[0.39244,45.7445],[0.39534,45.74252],[0.40926,45.73957],[0.40501,45.73594],[0.40475,45.73252],[0.40817,45.7324],[0.4078,45.72821],[0.41379,45.72768],[0.41257,45.72568],[0.41422,45.72462],[0.41186,45.72225],[0.41386,45.7217],[0.40464,45.71766],[0.38593,45.71788],[0.38172,45.7206],[0.3794,45.72448],[0.38085,45.72531],[0.37969,45.72894],[0.38101,45.72977]]],[[[-0.70785,45.49696],[-0.71838,45.48719],[-0.72249,45.48044],[-0.72937,45.47415],[-0.7403,45.46876],[-0.74393,45.46375],[-0.74897,45.46188],[-0.75024,45.45949],[-0.74489,45.45728],[-0.7453,45.45545],[-0.75781,45.44825],[-0.75349,45.44359],[-0.76539,45.43941],[-0.76795,45.4396],[-0.81701,45.41147],[-0.84106,45.43508],[-0.86479,45.45341],[-0.92653,45.49612],[-1.00909,45.56152],[-0.9847,45.57562],[-0.98329,45.57787],[-0.97846,45.57932],[-0.97322,45.57904],[-0.97198,45.58232],[-0.97256,45.58567],[-0.9706,45.59024],[-0.96857,45.59169],[-0.96044,45.59244],[-0.95972,45.60603],[-0.95736,45.60611],[-0.9476,45.61589],[-0.9578,45.62353],[-0.96646,45.62214],[-0.96716,45.62096],[-0.97185,45.62109],[-0.97221,45.62328],[-0.97086,45.62563],[-0.98932,45.62784],[-0.98713,45.63094],[-0.97997,45.6335],[-0.98742,45.63753],[-0.99208,45.63675],[-0.99983,45.63991],[-0.99183,45.65021],[-0.99814,45.65188],[-0.99747,45.65299],[-0.99034,45.65645],[-0.97853,45.6595],[-0.97797,45.6619],[-0.98168,45.6649],[-0.98134,45.66784],[-0.97283,45.66827],[-0.9697,45.67333],[-0.97003,45.67955],[-0.96718,45.68334],[-0.96932,45.68497],[-0.96689,45.68752],[-0.96942,45.69058],[-0.96531,45.69462],[-0.96071,45.6964],[-0.9644,45.70134],[-0.96249,45.70464],[-0.96862,45.7086],[-0.97369,45.70944],[-0.97596,45.7118],[-0.98423,45.71367],[-0.9959,45.71329],[-1.00666,45.71496],[-1.03313,45.72604],[-1.04763,45.73807],[-1.04415,45.7386],[-1.03497,45.74386],[-1.03209,45.74433],[-1.02026,45.73937],[-1.01497,45.73999],[-1.00825,45.7373],[-1.0032,45.74014],[-0.99983,45.73981],[-0.9987,45.73795],[-0.99647,45.73773],[-0.98788,45.74106],[-0.98803,45.74351],[-0.98578,45.74639],[-0.98177,45.74781],[-0.97914,45.7504],[-0.9688,45.75321],[-0.96548,45.75142],[-0.96216,45.75391],[-0.95927,45.75196],[-0.95548,45.75405],[-0.94627,45.75388],[-0.94935,45.74627],[-0.94888,45.74367],[-0.95035,45.73921],[-0.94546,45.73702],[-0.9388,45.73904],[-0.93846,45.74008],[-0.93337,45.73959],[-0.93028,45.73493],[-0.91629,45.74498],[-0.90788,45.73748],[-0.90544,45.73863],[-0.9056,45.73979],[-0.90047,45.74512],[-0.90018,45.7473],[-0.89671,45.74688],[-0.89296,45.74358],[-0.8894,45.74818],[-0.89009,45.74997],[-0.88524,45.74952],[-0.87312,45.75136],[-0.8664,45.76383],[-0.86068,45.76667],[-0.8469,45.76947],[-0.83891,45.77916],[-0.83933,45.78081],[-0.83462,45.78279],[-0.83311,45.78909],[-0.83074,45.79141],[-0.82903,45.79636],[-0.83027,45.79791],[-0.82563,45.80218],[-0.81939,45.80573],[-0.81394,45.80719],[-0.81326,45.80982],[-0.80412,45.81097],[-0.79884,45.80995],[-0.79539,45.81262],[-0.79611,45.81498],[-0.80116,45.81889],[-0.80158,45.82523],[-0.80564,45.83084],[-0.80567,45.83254],[-0.80325,45.83526],[-0.80634,45.84072],[-0.79626,45.8414],[-0.79196,45.83612],[-0.78698,45.84134],[-0.78669,45.84856],[-0.78536,45.8504],[-0.78235,45.85078],[-0.77968,45.85489],[-0.77988,45.85214],[-0.77803,45.85106],[-0.77824,45.84943],[-0.77577,45.84814],[-0.77413,45.84531],[-0.7715,45.84439],[-0.77075,45.84238],[-0.76852,45.8428],[-0.75159,45.83508],[-0.75072,45.84127],[-0.74552,45.8451],[-0.7334,45.84719],[-0.72916,45.8509],[-0.72568,45.85554],[-0.72672,45.85795],[-0.72394,45.86365],[-0.73545,45.86892],[-0.73864,45.86708],[-0.74236,45.8681],[-0.7448,45.87245],[-0.74379,45.88184],[-0.7248,45.8779],[-0.71267,45.87882],[-0.70544,45.8809],[-0.68592,45.88107],[-0.68242,45.87973],[-0.6815,45.87695],[-0.68227,45.8745],[-0.69021,45.8702],[-0.70234,45.86798],[-0.70537,45.86564],[-0.70379,45.85587],[-0.70014,45.8539],[-0.69034,45.85376],[-0.68353,45.85056],[-0.68233,45.84853],[-0.68382,45.84542],[-0.68338,45.84309],[-0.67778,45.83618],[-0.67432,45.83654],[-0.66946,45.84068],[-0.66023,45.83921],[-0.65047,45.83493],[-0.6481,45.83031],[-0.64344,45.82746],[-0.63926,45.82227],[-0.64032,45.81759],[-0.64347,45.81513],[-0.64368,45.813],[-0.63862,45.80877],[-0.63933,45.80272],[-0.64198,45.79581],[-0.64736,45.79184],[-0.64747,45.78906],[-0.65244,45.78834],[-0.65394,45.78674],[-0.66362,45.78673],[-0.66745,45.78383],[-0.66658,45.78201],[-0.67311,45.78314],[-0.67441,45.78212],[-0.67205,45.77376],[-0.66822,45.77302],[-0.65658,45.76684],[-0.66117,45.76463],[-0.66715,45.75725],[-0.66677,45.75139],[-0.66814,45.75005],[-0.67119,45.75026],[-0.67158,45.74861],[-0.68042,45.75005],[-0.68088,45.74902],[-0.68416,45.74896],[-0.6848,45.75046],[-0.69464,45.75115],[-0.70183,45.74995],[-0.702,45.74706],[-0.70694,45.74642],[-0.70214,45.73695],[-0.6831,45.74268],[-0.68461,45.74029],[-0.68963,45.73832],[-0.68173,45.73261],[-0.68582,45.72941],[-0.68587,45.72763],[-0.69982,45.72687],[-0.70089,45.72364],[-0.70369,45.72402],[-0.705,45.72144],[-0.70247,45.72061],[-0.70088,45.71613],[-0.70335,45.71519],[-0.70314,45.71365],[-0.70454,45.71294],[-0.6999,45.71216],[-0.69833,45.71076],[-0.70078,45.7098],[-0.69712,45.70732],[-0.69062,45.7105],[-0.68672,45.70494],[-0.67778,45.70351],[-0.67601,45.70514],[-0.67288,45.70342],[-0.66702,45.70434],[-0.66675,45.7062],[-0.66398,45.70875],[-0.66077,45.70866],[-0.65872,45.71008],[-0.6495,45.70797],[-0.65075,45.70636],[-0.65053,45.70217],[-0.64784,45.6926],[-0.65077,45.68425],[-0.65309,45.6854],[-0.65959,45.68109],[-0.66194,45.68062],[-0.66329,45.68171],[-0.67443,45.67525],[-0.67798,45.67452],[-0.68023,45.67221],[-0.68574,45.67193],[-0.68519,45.66906],[-0.68732,45.66337],[-0.68969,45.65953],[-0.69185,45.65915],[-0.67047,45.64614],[-0.67447,45.64189],[-0.68075,45.63938],[-0.68359,45.62908],[-0.68673,45.62562],[-0.67142,45.6191],[-0.66393,45.61804],[-0.65425,45.61461],[-0.64772,45.61412],[-0.65115,45.60951],[-0.64984,45.60775],[-0.65114,45.60583],[-0.65362,45.60554],[-0.65876,45.59738],[-0.65752,45.59687],[-0.65922,45.59404],[-0.6537,45.59036],[-0.65534,45.58874],[-0.65501,45.58718],[-0.65241,45.58558],[-0.64696,45.58789],[-0.63879,45.58617],[-0.62501,45.58977],[-0.62095,45.58939],[-0.62225,45.59345],[-0.6086,45.59215],[-0.6034,45.59809],[-0.59852,45.59556],[-0.59205,45.59924],[-0.58239,45.59448],[-0.58323,45.59102],[-0.57567,45.58949],[-0.57831,45.58704],[-0.58488,45.58619],[-0.58786,45.57997],[-0.59347,45.58088],[-0.59689,45.58285],[-0.60006,45.57513],[-0.59829,45.57241],[-0.58447,45.5731],[-0.58847,45.56949],[-0.58639,45.56882],[-0.5866,45.56665],[-0.57673,45.56552],[-0.58366,45.56336],[-0.5784,45.55701],[-0.56578,45.5559],[-0.56379,45.55469],[-0.57732,45.54502],[-0.57085,45.54132],[-0.57457,45.53781],[-0.57096,45.53502],[-0.56084,45.53492],[-0.56257,45.52029],[-0.56725,45.50352],[-0.5674,45.50013],[-0.56563,45.49572],[-0.56227,45.49023],[-0.55893,45.49],[-0.55636,45.48858],[-0.55647,45.48696],[-0.55017,45.48393],[-0.55088,45.48165],[-0.54874,45.47995],[-0.54588,45.48025],[-0.54423,45.48286],[-0.53888,45.48358],[-0.5322,45.48916],[-0.52815,45.48751],[-0.5274,45.48415],[-0.53247,45.48092],[-0.54063,45.48026],[-0.54144,45.47605],[-0.54568,45.47344],[-0.54603,45.4722],[-0.54063,45.47044],[-0.54004,45.46888],[-0.54057,45.46669],[-0.54365,45.46675],[-0.54557,45.46334],[-0.54486,45.46178],[-0.53582,45.46192],[-0.53184,45.46],[-0.53013,45.45802],[-0.52996,45.4533],[-0.52874,45.45211],[-0.52432,45.45187],[-0.52982,45.44826],[-0.52768,45.44409],[-0.52835,45.44325],[-0.53093,45.44398],[-0.53477,45.43736],[-0.53009,45.43484],[-0.52908,45.43136],[-0.52299,45.43116],[-0.5186,45.42667],[-0.51464,45.43042],[-0.51339,45.42969],[-0.50993,45.42514],[-0.51229,45.41958],[-0.50613,45.41165],[-0.50223,45.4117],[-0.50107,45.41375],[-0.49757,45.41407],[-0.49324,45.41702],[-0.48488,45.4148],[-0.48438,45.40981],[-0.47734,45.406],[-0.47607,45.40199],[-0.46185,45.39535],[-0.45893,45.39565],[-0.4577,45.39292],[-0.4451,45.38945],[-0.44365,45.38794],[-0.43574,45.39009],[-0.43568,45.39497],[-0.43257,45.3946],[-0.43253,45.39604],[-0.42923,45.39672],[-0.42658,45.39993],[-0.42187,45.39756],[-0.41969,45.39434],[-0.41893,45.39166],[-0.42087,45.38789],[-0.41759,45.38533],[-0.41481,45.38713],[-0.41072,45.38748],[-0.41098,45.3858],[-0.40616,45.38499],[-0.40378,45.38813],[-0.39678,45.38755],[-0.39653,45.38904],[-0.39291,45.39072],[-0.39057,45.39013],[-0.38839,45.39173],[-0.38628,45.39142],[-0.38598,45.39392],[-0.37633,45.39547],[-0.37045,45.39915],[-0.36528,45.39829],[-0.3627,45.39714],[-0.35817,45.39007],[-0.35905,45.38923],[-0.35728,45.38674],[-0.35698,45.38352],[-0.35938,45.38063],[-0.35605,45.37104],[-0.35203,45.37015],[-0.34786,45.36458],[-0.34681,45.3664],[-0.34379,45.36467],[-0.34102,45.36564],[-0.33779,45.36481],[-0.33651,45.36619],[-0.33162,45.36257],[-0.33043,45.36319],[-0.32473,45.36043],[-0.32238,45.36689],[-0.31592,45.36534],[-0.30949,45.36581],[-0.30459,45.37002],[-0.30429,45.37187],[-0.30981,45.37372],[-0.30963,45.37557],[-0.31199,45.37673],[-0.31017,45.3868],[-0.30254,45.38609],[-0.30082,45.38878],[-0.29135,45.38729],[-0.28923,45.38847],[-0.28323,45.38843],[-0.28117,45.39204],[-0.27685,45.39123],[-0.27885,45.39718],[-0.27816,45.39872],[-0.27363,45.40013],[-0.25794,45.40199],[-0.25439,45.39874],[-0.25055,45.40103],[-0.2517,45.40258],[-0.2491,45.40552],[-0.2498,45.4096],[-0.24714,45.41007],[-0.22782,45.40844],[-0.22733,45.41012],[-0.22153,45.41304],[-0.2146,45.41401],[-0.21385,45.4088],[-0.20989,45.40597],[-0.19565,45.40363],[-0.19287,45.40468],[-0.18772,45.39887],[-0.17914,45.39996],[-0.1792,45.39848],[-0.1762,45.39724],[-0.17623,45.39508],[-0.17974,45.39064],[-0.17998,45.38757],[-0.17717,45.38071],[-0.1672,45.37607],[-0.16418,45.37146],[-0.15633,45.3714],[-0.15246,45.37356],[-0.15396,45.37708],[-0.15227,45.38054],[-0.14552,45.3797],[-0.13841,45.37203],[-0.13435,45.36978],[-0.12963,45.36949],[-0.11842,45.37189],[-0.11693,45.37696],[-0.10914,45.38001],[-0.10703,45.38731],[-0.10566,45.38944],[-0.10352,45.39008],[-0.10462,45.39627],[-0.1014,45.39737],[-0.10193,45.40339],[-0.09952,45.40376],[-0.09919,45.40192],[-0.09645,45.40072],[-0.09133,45.40074],[-0.08803,45.40117],[-0.08385,45.40464],[-0.07848,45.40615],[-0.07774,45.40379],[-0.07605,45.40306],[-0.07206,45.40539],[-0.06944,45.40387],[-0.06396,45.40588],[-0.06391,45.40754],[-0.06026,45.41014],[-0.05888,45.40959],[-0.05424,45.41459],[-0.04686,45.41075],[-0.04588,45.40722],[-0.04412,45.40631],[-0.04053,45.40926],[-0.03546,45.41008],[-0.02165,45.40827],[-0.01642,45.4055],[-0.0059,45.40283],[0.01113,45.40229],[0.02007,45.39614],[0.02444,45.39092],[0.03132,45.38835],[0.04439,45.38741],[0.05059,45.38538],[0.06611,45.4073],[0.07123,45.41938],[0.0763,45.4206],[0.08443,45.42027],[0.09171,45.42667],[0.0952,45.42714],[0.10648,45.42314],[0.10769,45.41993],[0.10643,45.41815],[0.10765,45.4148],[0.10115,45.41129],[0.10081,45.40845],[0.09746,45.40442],[0.10164,45.40383],[0.10208,45.39759],[0.09842,45.39171],[0.09864,45.38483],[0.09308,45.38008],[0.09503,45.37634],[0.09287,45.37436],[0.0932,45.37234],[0.09625,45.37132],[0.09888,45.36778],[0.09874,45.36322],[0.10264,45.35692],[0.10341,45.35338],[0.10115,45.35234],[0.10586,45.34613],[0.10498,45.344],[0.10596,45.34173],[0.10964,45.34053],[0.11131,45.34196],[0.11297,45.34703],[0.1108,45.35356],[0.11246,45.35992],[0.10945,45.36074],[0.10805,45.36517],[0.10988,45.36566],[0.11051,45.36918],[0.11368,45.36965],[0.11481,45.37183],[0.11364,45.37369],[0.11588,45.3786],[0.11918,45.37912],[0.1188,45.38037],[0.12107,45.38163],[0.13966,45.3779],[0.14258,45.37827],[0.14253,45.37944],[0.15232,45.37896],[0.15333,45.38222],[0.1557,45.38218],[0.15865,45.38521],[0.15887,45.38788],[0.1633,45.38853],[0.1721,45.38763],[0.183,45.38324],[0.19697,45.38842],[0.20171,45.3864],[0.20461,45.38726],[0.20815,45.39341],[0.20912,45.39949],[0.21178,45.40351],[0.21081,45.41186],[0.22487,45.41046],[0.23609,45.41086],[0.24894,45.40902],[0.25184,45.41155],[0.25852,45.40898],[0.26297,45.40942],[0.26762,45.40798],[0.26535,45.406],[0.26531,45.40431],[0.26673,45.4033],[0.26288,45.39687],[0.25866,45.39494],[0.2591,45.39193],[0.25101,45.37612],[0.25216,45.37439],[0.24788,45.36927],[0.24964,45.3684],[0.25024,45.3609],[0.25418,45.35648],[0.25423,45.35486],[0.25697,45.35307],[0.25895,45.34964],[0.25807,45.34899],[0.25857,45.34626],[0.26671,45.33245],[0.26544,45.33022],[0.26905,45.31889],[0.26987,45.30469],[0.26734,45.30235],[0.26661,45.29775],[0.26059,45.29472],[0.25886,45.29523],[0.25238,45.29102],[0.25262,45.28941],[0.24903,45.28852],[0.24637,45.29109],[0.23644,45.29266],[0.22694,45.29092],[0.22433,45.2892],[0.22313,45.29053],[0.22091,45.29023],[0.21979,45.28949],[0.22013,45.28508],[0.21375,45.28393],[0.21413,45.28038],[0.21202,45.27859],[0.21022,45.27055],[0.20306,45.26236],[0.19877,45.26119],[0.19107,45.26263],[0.18902,45.25953],[0.17919,45.25989],[0.17486,45.26144],[0.17521,45.25744],[0.17812,45.25447],[0.17229,45.25171],[0.17269,45.24997],[0.16925,45.24301],[0.17253,45.24042],[0.17009,45.23587],[0.16704,45.23375],[0.16477,45.22975],[0.16246,45.23047],[0.15856,45.22567],[0.14699,45.22491],[0.1446,45.21739],[0.14549,45.21449],[0.14327,45.21373],[0.13917,45.21455],[0.13898,45.21639],[0.13607,45.21589],[0.1361,45.21004],[0.13076,45.20782],[0.11584,45.21356],[0.10383,45.22125],[0.09851,45.22732],[0.09201,45.22751],[0.07866,45.22015],[0.06623,45.22058],[0.05851,45.22407],[0.05837,45.22587],[0.05558,45.22716],[0.0482,45.224],[0.04293,45.2185],[0.03845,45.2162],[0.03485,45.20875],[0.02054,45.20374],[0.00857,45.20284],[0.00639,45.19964],[0.00599,45.19342],[0.00264,45.18822],[0.00168,45.18338],[0.00311,45.18252],[0.01466,45.18166],[0.01716,45.18006],[0.02149,45.17986],[0.02264,45.17832],[0.02572,45.17905],[0.03143,45.1779],[0.03626,45.17945],[0.03757,45.17721],[0.04362,45.17553],[0.04512,45.17264],[0.04954,45.17043],[0.06128,45.16823],[0.0673,45.16367],[0.0728,45.16287],[0.07607,45.16564],[0.08797,45.16713],[0.09072,45.16975],[0.0942,45.17066],[0.09789,45.16714],[0.10896,45.16223],[0.10706,45.15845],[0.10979,45.15692],[0.12784,45.15592],[0.1353,45.15894],[0.13539,45.15611],[0.13295,45.15529],[0.14076,45.14721],[0.139,45.1469],[0.13557,45.14153],[0.13613,45.13704],[0.13198,45.13219],[0.13064,45.12888],[0.13124,45.12318],[0.1281,45.11889],[0.12408,45.10891],[0.12012,45.10631],[0.11634,45.10182],[0.11611,45.09984],[0.10783,45.09375],[0.0919,45.09147],[0.08914,45.08889],[0.0831,45.08746],[0.07774,45.08453],[0.07762,45.08115],[0.07178,45.07631],[0.07235,45.07469],[0.06524,45.08113],[0.06383,45.08789],[0.06238,45.08922],[0.06299,45.09635],[0.05485,45.09996],[0.05279,45.10222],[0.05342,45.10403],[0.05152,45.10853],[0.04687,45.11192],[0.04446,45.11537],[0.03611,45.11588],[0.03228,45.1178],[0.02959,45.11688],[0.02121,45.11812],[0.00781,45.11748],[-0.00355,45.11957],[-0.01348,45.11777],[-0.01535,45.11531],[-0.02578,45.11518],[-0.02847,45.1128],[-0.02968,45.10773],[-0.03451,45.10349],[-0.0402,45.10238],[-0.04025,45.10067],[-0.04768,45.0975],[-0.05273,45.10118],[-0.05539,45.10091],[-0.05709,45.09898],[-0.06357,45.09915],[-0.06778,45.10248],[-0.06788,45.10491],[-0.0717,45.10831],[-0.07681,45.11035],[-0.08468,45.11613],[-0.08757,45.12157],[-0.09788,45.12104],[-0.11344,45.11501],[-0.12013,45.10837],[-0.1284,45.10504],[-0.13093,45.10062],[-0.13064,45.09667],[-0.13696,45.09275],[-0.13914,45.09334],[-0.14161,45.09],[-0.15409,45.08905],[-0.16359,45.09286],[-0.18675,45.09505],[-0.19096,45.09389],[-0.19765,45.0977],[-0.20231,45.0976],[-0.20972,45.10023],[-0.22124,45.10776],[-0.23115,45.10912],[-0.23345,45.10817],[-0.24567,45.10821],[-0.25392,45.1137],[-0.25853,45.1145],[-0.25955,45.11569],[-0.25759,45.11781],[-0.26509,45.12601],[-0.26728,45.12668],[-0.26822,45.13351],[-0.27492,45.13515],[-0.27437,45.13885],[-0.27536,45.1414],[-0.2812,45.14373],[-0.29841,45.14858],[-0.30755,45.14959],[-0.31155,45.14247],[-0.31116,45.13964],[-0.31363,45.13765],[-0.316,45.13944],[-0.31905,45.145],[-0.32073,45.15104],[-0.31985,45.15299],[-0.32064,45.15617],[-0.32703,45.1585],[-0.33914,45.1671],[-0.34868,45.16845],[-0.34918,45.16956],[-0.36385,45.17026],[-0.36928,45.16266],[-0.37503,45.16027],[-0.37954,45.15594],[-0.3834,45.14333],[-0.38537,45.14878],[-0.38801,45.15083],[-0.39046,45.1555],[-0.39451,45.16742],[-0.39677,45.16957],[-0.39736,45.17794],[-0.40062,45.18074],[-0.40013,45.18422],[-0.40167,45.18846],[-0.42077,45.20853],[-0.41608,45.21324],[-0.41319,45.2232],[-0.41386,45.22809],[-0.40856,45.2333],[-0.40511,45.23982],[-0.40728,45.24783],[-0.42464,45.24828],[-0.42407,45.25266],[-0.42172,45.25522],[-0.421,45.25907],[-0.41542,45.26933],[-0.41851,45.27214],[-0.41864,45.27385],[-0.42135,45.2746],[-0.42549,45.27864],[-0.43346,45.28056],[-0.44479,45.28615],[-0.44886,45.28587],[-0.46387,45.28889],[-0.46852,45.29018],[-0.47301,45.29339],[-0.48192,45.29435],[-0.49126,45.29106],[-0.50245,45.2902],[-0.51343,45.28638],[-0.51541,45.28658],[-0.51744,45.28925],[-0.52659,45.28979],[-0.52969,45.29166],[-0.54272,45.29363],[-0.54522,45.29231],[-0.5487,45.29312],[-0.55098,45.29432],[-0.55111,45.29562],[-0.56103,45.29876],[-0.56579,45.29593],[-0.57043,45.29933],[-0.57398,45.31414],[-0.57538,45.31555],[-0.57335,45.31681],[-0.57369,45.32135],[-0.57186,45.32288],[-0.57137,45.32834],[-0.56817,45.33323],[-0.56631,45.33549],[-0.55531,45.34139],[-0.55436,45.34434],[-0.55093,45.34699],[-0.55104,45.35296],[-0.54674,45.3578],[-0.54337,45.35909],[-0.543,45.36107],[-0.54067,45.36081],[-0.5379,45.36305],[-0.53646,45.36715],[-0.53507,45.36804],[-0.53191,45.36682],[-0.5311,45.3692],[-0.52527,45.36721],[-0.52249,45.36927],[-0.5249,45.37155],[-0.52578,45.37558],[-0.52737,45.37703],[-0.52604,45.3839],[-0.52778,45.3889],[-0.52497,45.39284],[-0.52574,45.39515],[-0.53087,45.39697],[-0.53991,45.3939],[-0.55338,45.39738],[-0.55794,45.40027],[-0.55764,45.4019],[-0.56071,45.40682],[-0.56164,45.41472],[-0.5657,45.41781],[-0.5629,45.42666],[-0.56467,45.42985],[-0.56425,45.43163],[-0.57269,45.43039],[-0.58546,45.4306],[-0.5869,45.42939],[-0.5937,45.43357],[-0.59733,45.42599],[-0.59936,45.42567],[-0.60876,45.43077],[-0.60278,45.44096],[-0.60276,45.44794],[-0.60482,45.44923],[-0.60421,45.45114],[-0.6124,45.45093],[-0.6126,45.45227],[-0.61851,45.4554],[-0.62286,45.45637],[-0.62251,45.45723],[-0.62502,45.45847],[-0.62381,45.45985],[-0.6369,45.46054],[-0.65419,45.46818],[-0.65364,45.4709],[-0.64828,45.47487],[-0.66554,45.48403],[-0.67928,45.48713],[-0.68712,45.49115],[-0.69176,45.49651],[-0.70065,45.50222],[-0.71058,45.50118],[-0.71282,45.49699],[-0.70785,45.49696]]],[[[0.09398,45.95067],[0.09286,45.94651],[0.08225,45.94107],[0.08079,45.94348],[0.08437,45.94435],[0.08371,45.946],[0.06551,45.94803],[0.06224,45.94895],[0.06062,45.9522],[0.04469,45.95206],[0.0418,45.95664],[0.034,45.96386],[0.03129,45.96556],[0.02898,45.9652],[0.02852,45.96699],[0.02241,45.96947],[0.02203,45.9723],[0.0241,45.97541],[0.03357,45.98032],[0.01537,45.98476],[0.01253,45.98651],[0.01094,45.98603],[0.01203,45.98442],[0.0091,45.98364],[-0.00284,45.98196],[-0.00409,45.98391],[-0.005,45.97822],[-0.00825,45.97428],[-0.00751,45.97033],[-0.02893,45.97313],[-0.03225,45.97477],[-0.03301,45.97961],[-0.04249,45.98365],[-0.04245,45.98742],[-0.05007,45.98726],[-0.05034,45.98906],[-0.04324,45.99034],[-0.04505,45.99354],[-0.04406,45.99451],[-0.03815,45.99242],[-0.03874,45.99421],[-0.04098,45.99498],[-0.04087,45.99858],[-0.04723,45.99925],[-0.04776,45.99811],[-0.05474,45.99806],[-0.05735,45.99894],[-0.04889,46.00305],[-0.0479,46.00437],[-0.04951,46.00852],[-0.04536,46.01406],[-0.04075,46.01352],[-0.03103,46.01597],[-0.03351,46.01795],[-0.02264,46.01872],[-0.02162,46.01311],[-0.01381,46.01184],[-0.0105,46.00537],[-0.00616,46.00785],[0.00727,46.01138],[0.00424,46.00519],[0.01178,46.00395],[0.01819,46.00953],[0.01773,46.01097],[0.01929,46.01266],[0.02,46.00952],[0.02597,46.01041],[0.02974,46.01454],[0.03623,46.01233],[0.04206,46.01208],[0.06327,46.01441],[0.06493,46.01535],[0.06332,46.01813],[0.06852,46.02664],[0.07026,46.02599],[0.08211,46.03382],[0.08469,46.03855],[0.09021,46.03789],[0.09569,46.04295],[0.10414,46.03845],[0.10666,46.04025],[0.10957,46.04013],[0.11269,46.04302],[0.11588,46.04242],[0.12354,46.0368],[0.13528,46.03244],[0.12886,46.02511],[0.1248,46.01365],[0.13808,46.01598],[0.13631,46.00848],[0.13428,46.00591],[0.1413,46.00479],[0.14531,46.00757],[0.1487,46.00678],[0.1493,46.00806],[0.15111,46.00808],[0.15175,46.00995],[0.15877,46.01012],[0.16533,46.00607],[0.16459,46.00538],[0.16758,46.00152],[0.16963,46.00026],[0.17076,46.00109],[0.17742,45.99748],[0.17412,45.9913],[0.18238,45.98659],[0.15919,45.97872],[0.15708,45.97983],[0.15523,45.97833],[0.15045,45.97939],[0.14733,45.97638],[0.14495,45.97666],[0.14041,45.97386],[0.13989,45.97074],[0.13765,45.97025],[0.13402,45.96582],[0.13118,45.96733],[0.13286,45.96995],[0.12795,45.97236],[0.12602,45.96872],[0.12328,45.9697],[0.11692,45.96876],[0.11293,45.96702],[0.11199,45.96146],[0.10422,45.96207],[0.09781,45.95011],[0.09398,45.95067]]],[[[-0.72468,45.95425],[-0.72949,45.9571],[-0.72744,45.95755],[-0.72658,45.95939],[-0.72935,45.96377],[-0.7269,45.96383],[-0.72594,45.9652],[-0.72766,45.96705],[-0.73355,45.96847],[-0.73688,45.97148],[-0.73807,45.96964],[-0.74579,45.96584],[-0.7472,45.96341],[-0.75464,45.96343],[-0.76453,45.96575],[-0.76261,45.97018],[-0.7646,45.97113],[-0.76377,45.97259],[-0.76637,45.97411],[-0.76055,45.9769],[-0.76212,45.97839],[-0.76835,45.97994],[-0.76404,45.98309],[-0.75305,45.98411],[-0.74901,45.98142],[-0.73957,45.97952],[-0.7396,45.98337],[-0.73829,45.98527],[-0.73243,45.98553],[-0.73057,45.98356],[-0.722,45.98279],[-0.71593,45.98044],[-0.71594,45.98305],[-0.71399,45.98601],[-0.7145,45.98799],[-0.71586,45.98832],[-0.70931,45.99518],[-0.71,45.99858],[-0.70771,46.00363],[-0.6984,45.99836],[-0.69575,45.99821],[-0.6965,45.99661],[-0.68834,45.99161],[-0.68618,45.99113],[-0.68052,45.99493],[-0.68162,46.0078],[-0.67799,46.01672],[-0.67597,46.01609],[-0.67519,46.02137],[-0.68011,46.02388],[-0.6789,46.02531],[-0.6782,46.03267],[-0.68157,46.03992],[-0.67938,46.04236],[-0.67727,46.04269],[-0.67616,46.04647],[-0.67133,46.0465],[-0.66334,46.05049],[-0.66428,46.05442],[-0.66776,46.05672],[-0.66383,46.06286],[-0.65944,46.06189],[-0.64895,46.06266],[-0.64766,46.06535],[-0.65931,46.06892],[-0.66924,46.07519],[-0.66614,46.08487],[-0.6613,46.0863],[-0.65776,46.08553],[-0.65456,46.08818],[-0.65074,46.08729],[-0.65045,46.08991],[-0.65181,46.09149],[-0.65784,46.09705],[-0.66163,46.0982],[-0.65959,46.09993],[-0.66189,46.10054],[-0.66168,46.10501],[-0.66087,46.11638],[-0.65598,46.11736],[-0.6565,46.12628],[-0.65252,46.12634],[-0.6525,46.12892],[-0.65008,46.12883],[-0.64719,46.14342],[-0.63812,46.14293],[-0.63597,46.14443],[-0.62819,46.14357],[-0.61896,46.13719],[-0.61601,46.13668],[-0.61264,46.1415],[-0.6066,46.14112],[-0.59974,46.1435],[-0.58308,46.13956],[-0.57933,46.14826],[-0.56731,46.14394],[-0.56573,46.14213],[-0.55292,46.14484],[-0.547,46.14423],[-0.5418,46.14153],[-0.53328,46.13972],[-0.53118,46.13518],[-0.52715,46.13631],[-0.52617,46.13229],[-0.52941,46.13103],[-0.52856,46.12984],[-0.5174,46.12692],[-0.51451,46.12746],[-0.51425,46.12989],[-0.51155,46.13022],[-0.51106,46.12817],[-0.51878,46.12365],[-0.51311,46.12154],[-0.50956,46.11753],[-0.51111,46.115],[-0.51639,46.11245],[-0.51178,46.11142],[-0.51147,46.10901],[-0.50549,46.10801],[-0.50608,46.10671],[-0.49097,46.10827],[-0.47514,46.10429],[-0.47289,46.10498],[-0.47083,46.10257],[-0.46797,46.10216],[-0.45384,46.1019],[-0.45195,46.10297],[-0.44524,46.09938],[-0.44044,46.09463],[-0.44027,46.0962],[-0.43656,46.09779],[-0.4402,46.10459],[-0.43706,46.10516],[-0.42754,46.11139],[-0.42123,46.11329],[-0.42307,46.11127],[-0.42251,46.09391],[-0.41539,46.09017],[-0.40815,46.08881],[-0.40145,46.08425],[-0.39342,46.09061],[-0.39081,46.09531],[-0.38622,46.09793],[-0.38312,46.09801],[-0.38132,46.09311],[-0.37348,46.09406],[-0.37146,46.09258],[-0.37183,46.09086],[-0.36527,46.08772],[-0.36396,46.08601],[-0.36482,46.08503],[-0.35856,46.08289],[-0.35932,46.08111],[-0.36496,46.07895],[-0.36273,46.07554],[-0.33105,46.08255],[-0.32074,46.0805],[-0.31951,46.07927],[-0.30365,46.07758],[-0.29177,46.08748],[-0.28849,46.08513],[-0.28522,46.08044],[-0.27984,46.07853],[-0.27931,46.07161],[-0.27359,46.06842],[-0.27303,46.05731],[-0.25263,46.05189],[-0.22051,46.04659],[-0.21296,46.0441],[-0.20004,46.04845],[-0.19556,46.05354],[-0.19256,46.05423],[-0.1927,46.04883],[-0.19405,46.04871],[-0.1965,46.04452],[-0.19097,46.04361],[-0.19205,46.04052],[-0.1904,46.03687],[-0.18913,46.02614],[-0.17622,46.03219],[-0.17199,46.03291],[-0.16561,46.03737],[-0.16027,46.03659],[-0.17165,46.0227],[-0.16582,46.02364],[-0.16252,46.02218],[-0.16464,46.01071],[-0.15749,46.00821],[-0.15851,46.00504],[-0.15186,46.00356],[-0.14479,46.00466],[-0.14477,46.00264],[-0.1409,46.00124],[-0.13914,45.99938],[-0.13926,45.9952],[-0.13713,45.99363],[-0.13665,45.98724],[-0.1326,45.98761],[-0.13479,45.98463],[-0.13238,45.98419],[-0.13686,45.97896],[-0.13561,45.97854],[-0.13737,45.97477],[-0.1428,45.97037],[-0.14514,45.96393],[-0.15116,45.96829],[-0.15696,45.96826],[-0.16175,45.96986],[-0.16253,45.96723],[-0.17932,45.97172],[-0.18416,45.96882],[-0.18729,45.96956],[-0.18951,45.96861],[-0.19389,45.97004],[-0.19849,45.97305],[-0.19733,45.97438],[-0.1989,45.97506],[-0.19743,45.97788],[-0.19367,45.97756],[-0.1923,45.9832],[-0.19865,45.98466],[-0.20912,45.98111],[-0.21042,45.98288],[-0.21631,45.98556],[-0.2203,45.98247],[-0.22315,45.98433],[-0.22419,45.98311],[-0.22747,45.98544],[-0.21738,45.99416],[-0.22413,45.996],[-0.22355,46.00705],[-0.21968,46.01271],[-0.21935,46.01636],[-0.22101,46.017],[-0.2304,46.01733],[-0.23753,46.01275],[-0.2445,46.00416],[-0.24816,46.00454],[-0.25416,45.99884],[-0.25578,45.99942],[-0.25755,45.99698],[-0.25912,45.997],[-0.25959,45.99563],[-0.25744,45.99498],[-0.25963,45.99123],[-0.26162,45.99433],[-0.26345,45.99226],[-0.26838,45.99413],[-0.2704,45.9918],[-0.27668,45.99404],[-0.27495,45.99691],[-0.28493,45.99996],[-0.28376,46.00269],[-0.28497,46.0064],[-0.29123,46.00769],[-0.30022,46.00528],[-0.30562,46.00596],[-0.30531,46.00466],[-0.31066,46.00215],[-0.31349,45.99771],[-0.32158,46.00068],[-0.32639,45.99998],[-0.32763,46.0004],[-0.32709,46.00257],[-0.32496,46.00402],[-0.32531,46.00703],[-0.33749,46.01183],[-0.34034,46.00649],[-0.33965,45.99651],[-0.33416,45.9966],[-0.33698,45.98681],[-0.34362,45.98647],[-0.35735,45.98723],[-0.35568,45.99303],[-0.36759,45.99472],[-0.36744,45.9994],[-0.38253,46.00161],[-0.38735,45.99996],[-0.39021,46.00134],[-0.40827,46.00355],[-0.41001,46.00626],[-0.41959,46.00777],[-0.42662,46.00621],[-0.42608,46.00438],[-0.42939,46.00348],[-0.43298,46.00425],[-0.43944,46.00171],[-0.44106,46.00369],[-0.44381,46.00098],[-0.4444,45.99855],[-0.44556,45.99851],[-0.44693,45.99484],[-0.45059,45.99147],[-0.44791,45.98926],[-0.45305,45.98535],[-0.45242,45.9835],[-0.44819,45.98591],[-0.44179,45.98442],[-0.43611,45.97951],[-0.43413,45.97722],[-0.43531,45.97664],[-0.43402,45.97373],[-0.4369,45.97342],[-0.43712,45.97227],[-0.4322,45.97195],[-0.42993,45.96687],[-0.42825,45.96745],[-0.42664,45.96345],[-0.42696,45.95931],[-0.43569,45.96072],[-0.43797,45.95666],[-0.43995,45.95623],[-0.45438,45.96091],[-0.45996,45.96128],[-0.45978,45.97267],[-0.46367,45.97311],[-0.4639,45.96973],[-0.47119,45.96964],[-0.48032,45.96532],[-0.4921,45.96956],[-0.49897,45.96789],[-0.51078,45.96018],[-0.51097,45.96243],[-0.5188,45.96165],[-0.51898,45.96501],[-0.52649,45.96568],[-0.53405,45.97935],[-0.53936,45.9758],[-0.54098,45.97355],[-0.53963,45.97239],[-0.5459,45.96786],[-0.54938,45.96222],[-0.54204,45.95917],[-0.53723,45.95533],[-0.53914,45.95428],[-0.54184,45.95557],[-0.54758,45.95528],[-0.54318,45.95269],[-0.54013,45.94863],[-0.54018,45.94723],[-0.54276,45.94591],[-0.53472,45.93909],[-0.52991,45.93723],[-0.53532,45.93575],[-0.5634,45.94223],[-0.57303,45.94252],[-0.58743,45.93891],[-0.58553,45.93482],[-0.58683,45.93132],[-0.58551,45.92833],[-0.58728,45.92545],[-0.58338,45.91745],[-0.5875,45.90892],[-0.58597,45.90731],[-0.58997,45.90207],[-0.59621,45.90475],[-0.59622,45.90643],[-0.603,45.90702],[-0.60747,45.9049],[-0.61486,45.90668],[-0.61712,45.90806],[-0.61308,45.91086],[-0.6176,45.91345],[-0.61731,45.91516],[-0.62134,45.91569],[-0.62127,45.91685],[-0.62433,45.91765],[-0.63384,45.91681],[-0.63611,45.9158],[-0.63892,45.9119],[-0.64049,45.91218],[-0.64763,45.91657],[-0.64807,45.91872],[-0.65197,45.92029],[-0.65262,45.92293],[-0.65834,45.92489],[-0.66592,45.91613],[-0.675,45.91823],[-0.68027,45.91314],[-0.68767,45.91505],[-0.695,45.91468],[-0.69773,45.91168],[-0.69707,45.9103],[-0.71188,45.90755],[-0.71499,45.90541],[-0.71858,45.90733],[-0.72898,45.90651],[-0.73684,45.90755],[-0.73991,45.90932],[-0.74064,45.91321],[-0.73973,45.91418],[-0.74548,45.91776],[-0.74392,45.92105],[-0.74958,45.92639],[-0.74044,45.9314],[-0.7287,45.94176],[-0.73046,45.94338],[-0.7296,45.94454],[-0.73076,45.9476],[-0.72446,45.95039],[-0.72468,45.95425]]]]}},{"type":"Feature","properties":{"cru":"Bois Ordinaires","kleur":"rgb(115, 175, 76)"},"geometry":{"type":"MultiPolygon","coordinates":[[[[0.12863,45.20891],[0.13076,45.20782],[0.1361,45.21004],[0.13607,45.21589],[0.13898,45.21639],[0.13917,45.21455],[0.14327,45.21373],[0.15067,45.21715],[0.1527,45.21373],[0.15557,45.21369],[0.16196,45.20971],[0.16326,45.20713],[0.16839,45.20781],[0.17228,45.20612],[0.1716,45.20386],[0.17354,45.20273],[0.16858,45.19952],[0.16782,45.19732],[0.16924,45.19522],[0.16541,45.1898],[0.16879,45.18173],[0.17346,45.18091],[0.17631,45.17802],[0.17683,45.17277],[0.17569,45.16915],[0.17045,45.1646],[0.16634,45.16551],[0.16393,45.15525],[0.15583,45.1506],[0.1497,45.14962],[0.14583,45.14596],[0.14076,45.14721],[0.14005,45.14886],[0.13558,45.15148],[0.13295,45.15529],[0.13539,45.15611],[0.1353,45.15894],[0.12784,45.15592],[0.10979,45.15692],[0.10706,45.15845],[0.10896,45.16223],[0.09789,45.16714],[0.0942,45.17066],[0.09072,45.16975],[0.08797,45.16713],[0.07607,45.16564],[0.0728,45.16287],[0.0673,45.16367],[0.05831,45.16921],[0.04954,45.17043],[0.04512,45.17264],[0.04362,45.17553],[0.03757,45.17721],[0.03626,45.17945],[0.03143,45.1779],[0.02572,45.17905],[0.02264,45.17832],[0.02149,45.17986],[0.01716,45.18006],[0.01466,45.18166],[0.00168,45.18338],[0.00264,45.18822],[0.00599,45.19342],[0.00639,45.19964],[0.00857,45.20284],[0.02054,45.20374],[0.03485,45.20875],[0.03845,45.2162],[0.05343,45.22685],[0.05837,45.22587],[0.05851,45.22407],[0.06623,45.22058],[0.07866,45.22015],[0.09201,45.22751],[0.09851,45.22732],[0.10383,45.22125],[0.11584,45.21356],[0.12863,45.20891]]],[[[-1.09505,45.63973],[-1.10187,45.64525],[-1.10683,45.64446],[-1.11055,45.64637],[-1.11531,45.6465],[-1.12506,45.65341],[-1.16156,45.67429],[-1.16577,45.67483],[-1.1745,45.67861],[-1.1825,45.68421],[-1.18587,45.68482],[-1.19605,45.69122],[-1.20183,45.69207],[-1.2014,45.69343],[-1.20932,45.6967],[-1.21429,45.69696],[-1.2275,45.6943],[-1.23034,45.69322],[-1.23089,45.69134],[-1.2243,45.6801],[-1.22109,45.67714],[-1.21682,45.67763],[-1.21604,45.67649],[-1.21868,45.67452],[-1.21291,45.67267],[-1.19912,45.67489],[-1.19597,45.67363],[-1.213,45.67105],[-1.22829,45.67506],[-1.23005,45.67707],[-1.23222,45.68422],[-1.23806,45.71191],[-1.24144,45.75816],[-1.24364,45.77011],[-1.24257,45.78157],[-1.23104,45.78893],[-1.22102,45.78963],[-1.20896,45.79575],[-1.20957,45.79409],[-1.19907,45.79448],[-1.19849,45.79246],[-1.20446,45.79271],[-1.19665,45.78972],[-1.192,45.78937],[-1.17495,45.79356],[-1.16441,45.79987],[-1.15905,45.80166],[-1.15543,45.80231],[-1.14909,45.79792],[-1.14504,45.79696],[-1.13918,45.79903],[-1.1337,45.80276],[-1.13209,45.80493],[-1.13289,45.80742],[-1.13427,45.80783],[-1.13716,45.8199],[-1.14197,45.82578],[-1.14686,45.82757],[-1.15238,45.8324],[-1.1494,45.83613],[-1.15269,45.8372],[-1.1533,45.83988],[-1.1552,45.84127],[-1.15467,45.84417],[-1.15817,45.84546],[-1.16022,45.84336],[-1.16436,45.84346],[-1.16807,45.84515],[-1.16817,45.8487],[-1.16373,45.85091],[-1.16488,45.85272],[-1.17069,45.85479],[-1.17024,45.85593],[-1.15732,45.85453],[-1.15277,45.85161],[-1.15118,45.85211],[-1.14976,45.85395],[-1.15182,45.857],[-1.15547,45.85873],[-1.15583,45.86147],[-1.15319,45.86236],[-1.13794,45.86076],[-1.13653,45.85878],[-1.13197,45.8591],[-1.12142,45.85641],[-1.11639,45.85935],[-1.11361,45.8593],[-1.11437,45.86099],[-1.11066,45.86254],[-1.10873,45.86756],[-1.10101,45.86482],[-1.09335,45.85151],[-1.07785,45.83851],[-1.07396,45.83092],[-1.06798,45.83017],[-1.06244,45.82371],[-1.05028,45.81994],[-1.03202,45.8083],[-1.03021,45.80484],[-1.02796,45.80426],[-1.01991,45.80667],[-1.02022,45.80846],[-1.0169,45.81066],[-1.0199,45.81161],[-1.01994,45.81662],[-1.01825,45.81942],[-1.01547,45.82017],[-1.01098,45.81841],[-1.00121,45.82717],[-1.00079,45.82993],[-1.00942,45.83296],[-1.01214,45.83649],[-1.01248,45.8389],[-1.01097,45.84151],[-1.01279,45.84722],[-1.01707,45.84962],[-1.01978,45.84958],[-1.03085,45.86006],[-1.03569,45.86239],[-1.04176,45.86243],[-1.05217,45.86797],[-1.08034,45.87131],[-1.08937,45.87774],[-1.09808,45.87887],[-1.09893,45.8801],[-1.09879,45.88182],[-1.07924,45.90124],[-1.07561,45.90725],[-1.07379,45.91423],[-1.07449,45.92641],[-1.07686,45.9367],[-1.09597,45.94201],[-1.09961,45.94438],[-1.09582,45.94891],[-1.06432,45.94991],[-1.06456,45.95312],[-1.06508,45.95588],[-1.07473,45.95838],[-1.08078,45.96324],[-1.08249,45.96589],[-1.08339,45.97824],[-1.08586,45.98149],[-1.09108,45.98148],[-1.09169,45.98394],[-1.09355,45.98464],[-1.09615,45.98389],[-1.09935,45.99068],[-1.10144,45.99093],[-1.10598,45.99444],[-1.10896,45.99867],[-1.11432,46.00157],[-1.11896,46.00151],[-1.12145,46.00297],[-1.11937,46.00389],[-1.11721,46.00242],[-1.11144,46.00202],[-1.10488,45.9965],[-1.09812,45.99594],[-1.09656,45.99243],[-1.09316,45.99182],[-1.08105,45.99655],[-1.06308,45.99443],[-1.05564,45.99934],[-1.05308,46.00384],[-1.05324,46.01274],[-1.05756,46.01676],[-1.06113,46.0253],[-1.06115,46.02885],[-1.05639,46.03034],[-1.05612,46.03422],[-1.06152,46.04527],[-1.06487,46.04905],[-1.07658,46.05323],[-1.08884,46.05395],[-1.0899,46.05945],[-1.09318,46.06224],[-1.09385,46.07708],[-1.10073,46.0938],[-1.11505,46.10232],[-1.13152,46.1019],[-1.13378,46.10472],[-1.13636,46.10572],[-1.14111,46.10409],[-1.14307,46.10632],[-1.14334,46.10852],[-1.13977,46.11034],[-1.13222,46.10878],[-1.1253,46.11092],[-1.1238,46.11569],[-1.12599,46.12383],[-1.12823,46.12655],[-1.14575,46.12705],[-1.14886,46.13005],[-1.14834,46.132],[-1.15352,46.13698],[-1.17328,46.13803],[-1.1738,46.13909],[-1.17133,46.14012],[-1.17294,46.14498],[-1.17122,46.14652],[-1.16092,46.14859],[-1.15927,46.15414],[-1.16072,46.15549],[-1.17512,46.15265],[-1.18708,46.15341],[-1.18729,46.15156],[-1.20564,46.14581],[-1.21078,46.14807],[-1.21421,46.14711],[-1.22419,46.15098],[-1.22845,46.14972],[-1.23085,46.15091],[-1.23342,46.15448],[-1.24204,46.15745],[-1.24149,46.16274],[-1.23709,46.16602],[-1.22388,46.16595],[-1.22195,46.16723],[-1.22052,46.17028],[-1.21911,46.17047],[-1.21981,46.17639],[-1.21844,46.18012],[-1.21399,46.18337],[-1.20661,46.18468],[-1.20249,46.18895],[-1.19933,46.19432],[-1.19937,46.19896],[-1.20234,46.2018],[-1.20568,46.20219],[-1.20654,46.20436],[-1.20206,46.21035],[-1.199,46.21325],[-1.1901,46.21613],[-1.18332,46.22161],[-1.17498,46.22215],[-1.17115,46.22406],[-1.16857,46.22734],[-1.16148,46.23094],[-1.15745,46.23593],[-1.14845,46.23841],[-1.14284,46.24398],[-1.1407,46.2531],[-1.13933,46.25405],[-1.12912,46.25381],[-1.1183,46.26112],[-1.1124,46.26027],[-1.10898,46.26252],[-1.0932,46.26153],[-1.08669,46.26235],[-1.08361,46.26002],[-1.08,46.25927],[-1.0765,46.25942],[-1.0729,46.26097],[-1.07278,46.26206],[-1.07002,46.26171],[-1.06712,46.26314],[-1.05757,46.26183],[-1.04818,46.26329],[-1.03483,46.25791],[-1.03838,46.2578],[-1.05027,46.24985],[-1.04123,46.24729],[-1.0232,46.23602],[-1.01456,46.23367],[-1.00433,46.23416],[-0.99976,46.23258],[-0.99878,46.24211],[-0.99004,46.2402],[-0.98405,46.25172],[-0.96361,46.2666],[-0.93536,46.25688],[-0.9165,46.25616],[-0.90364,46.2768],[-0.90356,46.2799],[-0.91006,46.28097],[-0.91219,46.27988],[-0.91355,46.28092],[-0.90739,46.29181],[-0.91864,46.29307],[-0.91493,46.29957],[-0.92092,46.29989],[-0.91209,46.31275],[-0.89447,46.3169],[-0.89259,46.31948],[-0.89376,46.32142],[-0.89307,46.32307],[-0.8892,46.32358],[-0.88685,46.3267],[-0.88323,46.32379],[-0.87884,46.32419],[-0.87034,46.32217],[-0.86846,46.32344],[-0.86805,46.32638],[-0.86461,46.32747],[-0.86169,46.32656],[-0.86045,46.32529],[-0.86329,46.32057],[-0.86298,46.31424],[-0.85797,46.31402],[-0.85703,46.31251],[-0.85986,46.30626],[-0.84886,46.29971],[-0.85277,46.29335],[-0.80429,46.28445],[-0.74525,46.27959],[-0.7368,46.2714],[-0.73506,46.26821],[-0.75012,46.25447],[-0.75478,46.25304],[-0.75146,46.24507],[-0.70282,46.22455],[-0.70146,46.22585],[-0.70149,46.2286],[-0.69857,46.22741],[-0.699,46.23145],[-0.69784,46.23184],[-0.69378,46.22997],[-0.69395,46.22717],[-0.68696,46.22489],[-0.68606,46.22645],[-0.6828,46.22608],[-0.68403,46.22839],[-0.6756,46.23316],[-0.65463,46.24344],[-0.65043,46.24373],[-0.64828,46.25072],[-0.64606,46.24934],[-0.63788,46.24924],[-0.62529,46.24439],[-0.62259,46.25085],[-0.60641,46.24803],[-0.61047,46.23906],[-0.60303,46.23957],[-0.60314,46.23425],[-0.60156,46.23398],[-0.60858,46.22929],[-0.61681,46.22926],[-0.61679,46.22521],[-0.61541,46.22371],[-0.61599,46.22114],[-0.61084,46.21974],[-0.59671,46.21133],[-0.5864,46.2138],[-0.58626,46.21115],[-0.57464,46.2132],[-0.56415,46.21105],[-0.56381,46.20952],[-0.55509,46.20907],[-0.55587,46.20761],[-0.55038,46.20685],[-0.54607,46.20773],[-0.54015,46.20607],[-0.53957,46.20713],[-0.53236,46.20465],[-0.52337,46.2038],[-0.5206,46.20648],[-0.52231,46.20716],[-0.52052,46.20868],[-0.51909,46.21381],[-0.52985,46.21732],[-0.52527,46.23134],[-0.52141,46.23189],[-0.52004,46.23445],[-0.51125,46.23372],[-0.51104,46.23463],[-0.49754,46.23191],[-0.48963,46.23206],[-0.48554,46.23698],[-0.48224,46.23585],[-0.4788,46.24345],[-0.47555,46.24334],[-0.47201,46.2451],[-0.46776,46.25079],[-0.45597,46.25234],[-0.456,46.2541],[-0.44832,46.25384],[-0.45217,46.24527],[-0.44166,46.24279],[-0.4401,46.24004],[-0.44858,46.23339],[-0.43601,46.23118],[-0.43648,46.22775],[-0.43914,46.22377],[-0.44192,46.22388],[-0.45255,46.21983],[-0.45088,46.21511],[-0.45316,46.21005],[-0.46682,46.21219],[-0.4667,46.20989],[-0.46935,46.20843],[-0.46951,46.20528],[-0.45838,46.20191],[-0.45641,46.20002],[-0.45839,46.19462],[-0.45716,46.19329],[-0.43943,46.19256],[-0.43459,46.19035],[-0.4376,46.18356],[-0.43156,46.18326],[-0.43266,46.18076],[-0.43871,46.17714],[-0.45042,46.17542],[-0.43686,46.16634],[-0.42462,46.15993],[-0.43293,46.15667],[-0.43447,46.14875],[-0.43353,46.14545],[-0.42702,46.14471],[-0.42621,46.14149],[-0.43598,46.13738],[-0.43612,46.13634],[-0.44904,46.13331],[-0.44808,46.13231],[-0.44938,46.13115],[-0.43895,46.1233],[-0.42897,46.12183],[-0.40538,46.12128],[-0.38351,46.1174],[-0.38066,46.1136],[-0.37118,46.10914],[-0.37103,46.10739],[-0.36524,46.10416],[-0.36739,46.10307],[-0.36699,46.10146],[-0.3698,46.0996],[-0.37163,46.09987],[-0.37348,46.09406],[-0.38132,46.09311],[-0.38312,46.09801],[-0.38622,46.09793],[-0.39081,46.09531],[-0.39342,46.09061],[-0.40145,46.08425],[-0.40815,46.08881],[-0.41539,46.09017],[-0.42251,46.09391],[-0.42307,46.11127],[-0.42123,46.11329],[-0.42754,46.11139],[-0.43706,46.10516],[-0.4402,46.10459],[-0.43656,46.09779],[-0.44027,46.0962],[-0.44044,46.09463],[-0.44524,46.09938],[-0.45195,46.10297],[-0.45384,46.1019],[-0.46797,46.10216],[-0.47083,46.10257],[-0.47289,46.10498],[-0.47514,46.10429],[-0.49097,46.10827],[-0.50608,46.10671],[-0.50549,46.10801],[-0.51147,46.10901],[-0.51178,46.11142],[-0.51639,46.11245],[-0.51111,46.115],[-0.50956,46.11753],[-0.51311,46.12154],[-0.51878,46.12365],[-0.51106,46.12817],[-0.51155,46.13022],[-0.51425,46.12989],[-0.51451,46.12746],[-0.5174,46.12692],[-0.52856,46.12984],[-0.52941,46.13103],[-0.52617,46.13229],[-0.52715,46.13631],[-0.53118,46.13518],[-0.53328,46.13972],[-0.53353,46.14196],[-0.53231,46.14204],[-0.53044,46.1483],[-0.53213,46.14843],[-0.5316,46.15205],[-0.53909,46.15281],[-0.53902,46.15388],[-0.54481,46.15549],[-0.55598,46.15742],[-0.55962,46.15628],[-0.56152,46.15178],[-0.56393,46.15212],[-0.56334,46.15565],[-0.56634,46.15606],[-0.57191,46.15984],[-0.57783,46.16005],[-0.57801,46.16459],[-0.58118,46.1646],[-0.58081,46.15997],[-0.58539,46.15742],[-0.59465,46.1607],[-0.59205,46.16446],[-0.61302,46.16152],[-0.60506,46.15925],[-0.60147,46.15633],[-0.60685,46.15281],[-0.62366,46.15354],[-0.63244,46.15057],[-0.63362,46.14847],[-0.62737,46.14669],[-0.62819,46.14357],[-0.63597,46.14443],[-0.63812,46.14293],[-0.64719,46.14342],[-0.65008,46.12883],[-0.6525,46.12892],[-0.65252,46.12634],[-0.6565,46.12628],[-0.65598,46.11736],[-0.66087,46.11638],[-0.66168,46.10501],[-0.66189,46.10054],[-0.65959,46.09993],[-0.66163,46.0982],[-0.65784,46.09705],[-0.65181,46.09149],[-0.65045,46.08991],[-0.65074,46.08729],[-0.65456,46.08818],[-0.65776,46.08553],[-0.6613,46.0863],[-0.66614,46.08487],[-0.66924,46.07519],[-0.65931,46.06892],[-0.64766,46.06535],[-0.64895,46.06266],[-0.65944,46.06189],[-0.66383,46.06286],[-0.66776,46.05672],[-0.66428,46.05442],[-0.66334,46.05049],[-0.67133,46.0465],[-0.67616,46.04647],[-0.67727,46.04269],[-0.67938,46.04236],[-0.68157,46.03992],[-0.6782,46.03267],[-0.6789,46.02531],[-0.68011,46.02388],[-0.67519,46.02137],[-0.67597,46.01609],[-0.67799,46.01672],[-0.68162,46.0078],[-0.68052,45.99493],[-0.68618,45.99113],[-0.68834,45.99161],[-0.6965,45.99661],[-0.69575,45.99821],[-0.6984,45.99836],[-0.70771,46.00363],[-0.71,45.99858],[-0.70931,45.99518],[-0.71586,45.98832],[-0.7145,45.98799],[-0.71399,45.98601],[-0.71594,45.98305],[-0.71593,45.98044],[-0.722,45.98279],[-0.73057,45.98356],[-0.73243,45.98553],[-0.73829,45.98527],[-0.7396,45.98337],[-0.73957,45.97952],[-0.74901,45.98142],[-0.75305,45.98411],[-0.76404,45.98309],[-0.76835,45.97994],[-0.76212,45.97839],[-0.76055,45.9769],[-0.76637,45.97411],[-0.76377,45.97259],[-0.7646,45.97113],[-0.76261,45.97018],[-0.76453,45.96575],[-0.75464,45.96343],[-0.7472,45.96341],[-0.74579,45.96584],[-0.73807,45.96964],[-0.73688,45.97148],[-0.73355,45.96847],[-0.72766,45.96705],[-0.72594,45.9652],[-0.7269,45.96383],[-0.72935,45.96377],[-0.72658,45.95939],[-0.72744,45.95755],[-0.72949,45.9571],[-0.72468,45.95425],[-0.72446,45.95039],[-0.73076,45.9476],[-0.7296,45.94454],[-0.73046,45.94338],[-0.7287,45.94176],[-0.74044,45.9314],[-0.74958,45.92639],[-0.74392,45.92105],[-0.74548,45.91776],[-0.73973,45.91418],[-0.74064,45.91321],[-0.73991,45.90932],[-0.73289,45.90712],[-0.73555,45.90417],[-0.73931,45.90359],[-0.73967,45.89816],[-0.74793,45.88911],[-0.74747,45.88318],[-0.74379,45.88184],[-0.7448,45.87245],[-0.74236,45.8681],[-0.73864,45.86708],[-0.73545,45.86892],[-0.72394,45.86365],[-0.72672,45.85795],[-0.72568,45.85554],[-0.72916,45.8509],[-0.7334,45.84719],[-0.74552,45.8451],[-0.75072,45.84127],[-0.75159,45.83508],[-0.76852,45.8428],[-0.77075,45.84238],[-0.7715,45.84439],[-0.77413,45.84531],[-0.77577,45.84814],[-0.77824,45.84943],[-0.77803,45.85106],[-0.77988,45.85214],[-0.77968,45.85489],[-0.78235,45.85078],[-0.78536,45.8504],[-0.78669,45.84856],[-0.78698,45.84134],[-0.79196,45.83612],[-0.79626,45.8414],[-0.80634,45.84072],[-0.80325,45.83526],[-0.80567,45.83254],[-0.80564,45.83084],[-0.80158,45.82523],[-0.80116,45.81889],[-0.79611,45.81498],[-0.79539,45.81262],[-0.79884,45.80995],[-0.80412,45.81097],[-0.81326,45.80982],[-0.81394,45.80719],[-0.81939,45.80573],[-0.82563,45.80218],[-0.83027,45.79791],[-0.82903,45.79636],[-0.83074,45.79141],[-0.83311,45.78909],[-0.83462,45.78279],[-0.83933,45.78081],[-0.83891,45.77916],[-0.8469,45.76947],[-0.86068,45.76667],[-0.8664,45.76383],[-0.87312,45.75136],[-0.88524,45.74952],[-0.89009,45.74997],[-0.8894,45.74818],[-0.89296,45.74358],[-0.89671,45.74688],[-0.90018,45.7473],[-0.90047,45.74512],[-0.9056,45.73979],[-0.90544,45.73863],[-0.90788,45.73748],[-0.91629,45.74498],[-0.93028,45.73493],[-0.93337,45.73959],[-0.93846,45.74008],[-0.9388,45.73904],[-0.94546,45.73702],[-0.95035,45.73921],[-0.94888,45.74367],[-0.94935,45.74627],[-0.94627,45.75388],[-0.95548,45.75405],[-0.95927,45.75196],[-0.96216,45.75391],[-0.96548,45.75142],[-0.9688,45.75321],[-0.97914,45.7504],[-0.98177,45.74781],[-0.98578,45.74639],[-0.98803,45.74351],[-0.98788,45.74106],[-0.99647,45.73773],[-0.9987,45.73795],[-0.99983,45.73981],[-1.0032,45.74014],[-1.00825,45.7373],[-1.01497,45.73999],[-1.02026,45.73937],[-1.03209,45.74433],[-1.03497,45.74386],[-1.04415,45.7386],[-1.04763,45.73807],[-1.03313,45.72604],[-1.00666,45.71496],[-0.9959,45.71329],[-0.98423,45.71367],[-0.97596,45.7118],[-0.97369,45.70944],[-0.96862,45.7086],[-0.96249,45.70464],[-0.9644,45.70134],[-0.96071,45.6964],[-0.96531,45.69462],[-0.96942,45.69058],[-0.96689,45.68752],[-0.96932,45.68497],[-0.96718,45.68334],[-0.97003,45.67955],[-0.9697,45.67333],[-0.97283,45.66827],[-0.98134,45.66784],[-0.98168,45.6649],[-0.97797,45.6619],[-0.97853,45.6595],[-0.99034,45.65645],[-0.99747,45.65299],[-0.99814,45.65188],[-0.99183,45.65021],[-0.99983,45.63991],[-0.99208,45.63675],[-0.98742,45.63753],[-0.97997,45.6335],[-0.98713,45.63094],[-0.98932,45.62784],[-0.97086,45.62563],[-0.97221,45.62328],[-0.97185,45.62109],[-0.96716,45.62096],[-0.96646,45.62214],[-0.9578,45.62353],[-0.9476,45.61589],[-0.95736,45.60611],[-0.95972,45.60603],[-0.96044,45.59244],[-0.96857,45.59169],[-0.9706,45.59024],[-0.97256,45.58567],[-0.97198,45.58232],[-0.97322,45.57904],[-0.97846,45.57932],[-0.98329,45.57787],[-0.9847,45.57562],[-1.00909,45.56152],[-1.02574,45.57469],[-0.993,45.57718],[-0.99255,45.57926],[-0.98916,45.58134],[-0.989,45.58526],[-0.99365,45.59759],[-0.99682,45.59998],[-0.99978,45.60111],[-1.00248,45.59918],[-1.00809,45.59969],[-1.00797,45.59766],[-1.01303,45.59963],[-1.01533,45.60262],[-1.00872,45.60786],[-1.0125,45.61518],[-1.02032,45.62152],[-1.02546,45.62371],[-1.02832,45.62321],[-1.02732,45.61852],[-1.03074,45.61657],[-1.03271,45.61736],[-1.0324,45.61877],[-1.03469,45.61933],[-1.03646,45.61783],[-1.04324,45.61754],[-1.04257,45.62026],[-1.04611,45.62033],[-1.04691,45.62193],[-1.04943,45.62019],[-1.05315,45.62228],[-1.05136,45.62346],[-1.05109,45.62644],[-1.05412,45.62733],[-1.05704,45.62504],[-1.06233,45.62749],[-1.06478,45.63076],[-1.06667,45.63016],[-1.07029,45.63262],[-1.06976,45.63457],[-1.07659,45.63498],[-1.07669,45.63647],[-1.07492,45.63801],[-1.0778,45.6389],[-1.08093,45.6367],[-1.08347,45.63705],[-1.08723,45.63872],[-1.0863,45.64046],[-1.08801,45.64198],[-1.09089,45.63991],[-1.09505,45.63973]],[[-0.83828,46.10337],[-0.83564,46.09935],[-0.83375,46.09013],[-0.83634,46.0779],[-0.81252,46.07738],[-0.81249,46.07995],[-0.80222,46.08201],[-0.80394,46.0833],[-0.80328,46.08702],[-0.7985,46.08668],[-0.79741,46.08947],[-0.79977,46.09004],[-0.79909,46.09164],[-0.79335,46.09085],[-0.79081,46.09497],[-0.79371,46.09728],[-0.79748,46.10631],[-0.83828,46.10337]]],[[[-1.11107,45.96123],[-1.10533,45.95439],[-1.11048,45.95409],[-1.11427,45.95173],[-1.1163,45.9522],[-1.12028,45.95996],[-1.11947,45.96143],[-1.11107,45.96123]]],[[[-1.17624,46.02114],[-1.17456,46.0242],[-1.17119,46.02399],[-1.16826,46.02562],[-1.15771,46.02243],[-1.15428,46.01929],[-1.1546,46.01821],[-1.16334,46.01843],[-1.1675,46.01987],[-1.17143,46.01858],[-1.17156,46.01552],[-1.16988,46.01472],[-1.1698,46.01332],[-1.17559,46.008],[-1.17842,46.00972],[-1.17711,46.01057],[-1.17892,46.01263],[-1.17728,46.01416],[-1.17624,46.02114]]],[[[-1.20199,45.84066],[-1.20199,45.83832],[-1.19545,45.82939],[-1.20521,45.82457],[-1.21621,45.81376],[-1.22365,45.81134],[-1.22902,45.80637],[-1.22902,45.80412],[-1.22626,45.80369],[-1.23185,45.80177],[-1.23642,45.80454],[-1.23939,45.80787],[-1.24566,45.82136],[-1.25027,45.84597],[-1.25366,45.85688],[-1.25922,45.8683],[-1.26615,45.87817],[-1.27005,45.88181],[-1.28062,45.88792],[-1.29335,45.89993],[-1.3047,45.90087],[-1.31844,45.91065],[-1.34138,45.91887],[-1.37262,45.94193],[-1.38002,45.95015],[-1.38598,45.95239],[-1.38886,45.9577],[-1.38704,45.95938],[-1.38626,45.96314],[-1.39221,45.9747],[-1.39578,45.97683],[-1.39387,45.98185],[-1.38875,45.98927],[-1.38726,45.99387],[-1.38787,46.00002],[-1.39355,46.00947],[-1.40053,46.01613],[-1.4113,46.04131],[-1.4118,46.04552],[-1.4134,46.0465],[-1.4124,46.04789],[-1.40706,46.04811],[-1.39034,46.04204],[-1.37023,46.03924],[-1.37208,46.03215],[-1.36951,46.02954],[-1.35787,46.02474],[-1.35293,46.01954],[-1.34471,46.01558],[-1.33611,46.01352],[-1.33463,46.01068],[-1.32855,46.00782],[-1.32721,46.00502],[-1.32379,46.00342],[-1.32181,46.00074],[-1.32174,45.99769],[-1.31515,45.99389],[-1.30086,45.9899],[-1.28577,45.98826],[-1.26818,45.99004],[-1.24675,45.99023],[-1.23755,45.98391],[-1.23591,45.97954],[-1.23761,45.97498],[-1.23683,45.97299],[-1.2328,45.97055],[-1.23625,45.96809],[-1.23665,45.96511],[-1.24033,45.9622],[-1.24208,45.95746],[-1.23897,45.95125],[-1.22631,45.9413],[-1.22833,45.94051],[-1.2296,45.93818],[-1.22907,45.9332],[-1.23281,45.93105],[-1.23377,45.92706],[-1.23121,45.9234],[-1.22889,45.92244],[-1.22921,45.92036],[-1.22358,45.91311],[-1.2109,45.90356],[-1.20181,45.90073],[-1.20224,45.89739],[-1.20109,45.89562],[-1.18884,45.88669],[-1.18839,45.8826],[-1.19154,45.88246],[-1.19365,45.88032],[-1.19323,45.87363],[-1.19883,45.86868],[-1.19997,45.86617],[-1.19608,45.86395],[-1.19651,45.86258],[-1.20044,45.86255],[-1.20362,45.85889],[-1.20305,45.85409],[-1.20771,45.85034],[-1.20621,45.84616],[-1.2033,45.84589],[-1.20199,45.84066]]],[[[-1.30815,46.14299],[-1.32163,46.14504],[-1.32877,46.14908],[-1.34298,46.15132],[-1.35337,46.15454],[-1.3709,46.16739],[-1.38612,46.17486],[-1.42013,46.1876],[-1.43127,46.1903],[-1.44006,46.1946],[-1.4616,46.20212],[-1.46779,46.20331],[-1.48698,46.20032],[-1.49465,46.19619],[-1.50402,46.19366],[-1.51719,46.1992],[-1.53394,46.20232],[-1.54176,46.21377],[-1.54381,46.21978],[-1.55439,46.23072],[-1.55633,46.23065],[-1.56096,46.2363],[-1.56293,46.24384],[-1.56147,46.24543],[-1.55009,46.24311],[-1.54109,46.24361],[-1.52778,46.24897],[-1.51437,46.25771],[-1.50058,46.25818],[-1.49465,46.25618],[-1.48903,46.25281],[-1.48832,46.25018],[-1.48202,46.24719],[-1.48219,46.24236],[-1.4809,46.23962],[-1.47578,46.23592],[-1.47455,46.23326],[-1.48202,46.22863],[-1.48479,46.22832],[-1.49152,46.22913],[-1.49522,46.23288],[-1.49496,46.23464],[-1.49858,46.23496],[-1.50169,46.23406],[-1.50033,46.2316],[-1.50628,46.22654],[-1.50986,46.22779],[-1.51268,46.23197],[-1.51399,46.2321],[-1.51497,46.23491],[-1.51401,46.22773],[-1.5148,46.22699],[-1.51319,46.22258],[-1.50926,46.21873],[-1.50649,46.21837],[-1.50671,46.21457],[-1.49954,46.21665],[-1.4935,46.21288],[-1.49493,46.21214],[-1.49387,46.21077],[-1.49608,46.2081],[-1.49413,46.20706],[-1.49446,46.20536],[-1.49231,46.20518],[-1.49355,46.20716],[-1.48864,46.20762],[-1.4878,46.20372],[-1.48612,46.20222],[-1.4836,46.20224],[-1.4857,46.20642],[-1.48523,46.20798],[-1.4809,46.21003],[-1.48297,46.21221],[-1.47928,46.215],[-1.47372,46.21406],[-1.4671,46.21681],[-1.46549,46.22338],[-1.45697,46.22412],[-1.4563,46.22558],[-1.45919,46.22699],[-1.4582,46.22867],[-1.41294,46.23014],[-1.41024,46.2286],[-1.41052,46.22711],[-1.41471,46.22755],[-1.41849,46.22599],[-1.41937,46.22367],[-1.41724,46.2209],[-1.41906,46.21921],[-1.43429,46.21623],[-1.4374,46.21707],[-1.43967,46.21407],[-1.4444,46.21409],[-1.43813,46.2134],[-1.43736,46.21266],[-1.43919,46.21017],[-1.43141,46.21015],[-1.4309,46.20733],[-1.42923,46.20586],[-1.40492,46.20315],[-1.36945,46.20617],[-1.36511,46.20811],[-1.36293,46.20665],[-1.35472,46.20611],[-1.33734,46.19749],[-1.3317,46.19267],[-1.32135,46.18719],[-1.31705,46.18684],[-1.30601,46.19057],[-1.29276,46.18735],[-1.28693,46.18061],[-1.28903,46.1781],[-1.28217,46.17337],[-1.28152,46.17029],[-1.2832,46.16839],[-1.2818,46.16474],[-1.27424,46.16016],[-1.26812,46.15973],[-1.25815,46.16392],[-1.25495,46.16352],[-1.25679,46.16099],[-1.27351,46.15113],[-1.27754,46.14466],[-1.27956,46.14369],[-1.2854,46.14576],[-1.30815,46.14299]]]]}}]}